{"stats":{"minecraft:broken":{"minecraft:iron_pickaxe":1},"minecraft:mined":{"minecraft:diamond_ore":1,"minecraft:tuff":2,"minecraft:white_bed":4,"minecraft:deepslate_diamond_ore":31,"minecraft:cave_vines_plant":21,"gravestone:gravestone":2,"minecraft:grass_block":9,"iceandfire:frozen_splinters":1,"minecraft:moss_block":2,"minecraft:large_fern":2,"minecraft:furnace":3,"minecraft:iron_ore":22,"minecraft:cobbled_deepslate":7,"minecraft:fire":8,"minecraft:andesite":9,"minecraft:stripped_spruce_log":4,"minecraft:deepslate_lapis_ore":18,"minecraft:dirt_path":6,"minecraft:cave_vines":16,"minecraft:deepslate_iron_ore":146,"minecraft:stripped_oak_log":4,"minecraft:packed_ice":5,"minecraft:azalea_leaves":2,"minecraft:stone":55,"minecraft:white_wool":1,"minecraft:flowering_azalea":1,"minecraft:smoker":9,"minecraft:clay":4,"minecraft:cornflower":1,"minecraft:crafting_table":12,"minecraft:torch":1,"minecraft:blast_furnace":1,"minecraft:stone_slab":1,"minecraft:tall_grass":11,"minecraft:cobblestone":7,"minecraft:deepslate_gold_ore":27,"minecraft:lapis_ore":9,"minecraft:oak_planks":16,"minecraft:birch_planks":4,"minecraft:sweet_berry_bush":9,"minecraft:orange_tulip":1,"minecraft:grass":11,"minecraft:oak_log":14,"minecraft:coal_ore":74,"minecraft:gravel":12,"minecraft:dirt":23,"minecraft:sand":2,"minecraft:acacia_planks":1,"minecraft:oak_leaves":2,"minecraft:deepslate":45,"minecraft:fern":1},"minecraft:dropped":{"minecraft:iron_sword":1,"iceandfire:raw_silver":1,"minecraft:moss_block":2,"minecraft:birch_planks":1,"minecraft:wheat_seeds":9,"minecraft:cooked_beef":3,"minecraft:cooked_porkchop":1,"minecraft:orange_tulip":1,"minecraft:cobblestone":1,"minecraft:feather":11,"minecraft:cornflower":1,"minecraft:wooden_axe":1,"minecraft:snowball":5,"gravestone:obituary":3,"minecraft:phantom_membrane":2,"minecraft:flowering_azalea":7,"minecraft:sand":1,"minecraft:string":3,"minecraft:birch_log":1,"minecraft:white_wool":1,"minecraft:acacia_planks":1,"minecraft:spruce_sapling":1,"minecraft:gravel":4,"minecraft:stone_axe":2,"minecraft:moss_carpet":1,"minecraft:sugar_cane":6,"minecraft:birch_sapling":2,"minecraft:rotten_flesh":13,"minecraft:clay_ball":56,"minecraft:cooked_mutton":6,"minecraft:big_dripleaf":4,"minecraft:gunpowder":4,"iceandfire:frozen_splinters":1,"minecraft:andesite":1,"iceandfire:silver_ingot":1,"minecraft:azalea":25,"minecraft:oak_sapling":1,"minecraft:acacia_sapling":1,"minecraft:spider_eye":3,"minecraft:arrow":12,"minecraft:stone_pickaxe":2,"minecraft:wooden_pickaxe":1,"minecraft:raw_gold":1,"minecraft:egg":1},"minecraft:killed":{"minecraft:witch":1,"minecraft:spider":7,"minecraft:vindicator":1,"minecraft:skeleton":12,"minecraft:chicken":9,"minecraft:drowned":2,"minecraft:pig":19,"iceandfire:cyclops":1,"minecraft:salmon":13,"minecraft:creeper":8,"minecraft:sheep":18,"minecraft:pillager":8,"minecraft:zombie":19,"minecraft:cow":6},"minecraft:used":{"minecraft:azalea":7,"minecraft:oak_trapdoor":6,"minecraft:moss_block":1,"minecraft:iron_shovel":13,"minecraft:flint_and_steel":11,"minecraft:shield":21,"minecraft:iron_sword":246,"minecraft:cooked_salmon":9,"minecraft:cooked_chicken":2,"minecraft:rotten_flesh":5,"minecraft:torch":99,"minecraft:dirt":19,"minecraft:mutton":1,"minecraft:tuff":2,"minecraft:wooden_axe":6,"minecraft:flowering_azalea":3,"minecraft:iron_axe":85,"minecraft:beef":3,"minecraft:sweet_berries":35,"minecraft:furnace":3,"minecraft:egg":3,"minecraft:cooked_beef":5,"minecraft:cobbled_deepslate":48,"minecraft:cooked_mutton":6,"minecraft:water_bucket":33,"minecraft:stone_pickaxe":48,"minecraft:oak_planks":164,"minecraft:wooden_pickaxe":17,"minecraft:salmon":5,"minecraft:golden_apple":1,"minecraft:glow_berries":55,"minecraft:rail":2,"minecraft:crafting_table":14,"minecraft:blast_furnace":1,"minecraft:white_bed":4,"minecraft:smoker":10,"minecraft:redstone_torch":1,"minecraft:chicken":1,"minecraft:bread":3,"minecraft:iron_pickaxe":415,"minecraft:gravel":3,"minecraft:stone_axe":62,"minecraft:cobblestone":38,"minecraft:cooked_porkchop":25,"minecraft:bucket":35,"minecraft:oak_boat":5},"minecraft:custom":{"minecraft:mob_kills":126,"minecraft:interact_with_crafting_table":32,"minecraft:time_since_death":932,"minecraft:climb_one_cm":461,"minecraft:sprint_one_cm":627405,"minecraft:walk_one_cm":349753,"minecraft:damage_blocked_by_shield":1255,"minecraft:drop":97,"minecraft:talked_to_villager":3,"minecraft:play_time":211356,"minecraft:sneak_time":12553,"minecraft:deaths":3,"minecraft:walk_under_water_one_cm":47692,"minecraft:boat_one_cm":91147,"minecraft:jump":5316,"minecraft:interact_with_blast_furnace":6,"minecraft:walk_on_water_one_cm":63336,"minecraft:total_world_time":211356,"minecraft:interact_with_furnace":35,"minecraft:sleep_in_bed":2,"minecraft:time_since_rest":989,"minecraft:damage_taken":5682,"minecraft:damage_absorbed":40,"minecraft:damage_dealt":18790,"minecraft:swim_one_cm":78525,"minecraft:fly_one_cm":1076446,"minecraft:open_chest":3,"minecraft:crouch_one_cm":37561,"minecraft:interact_with_smoker":62,"minecraft:fall_one_cm":146902},"minecraft:picked_up":{"minecraft:crafting_table":13,"minecraft:chicken":8,"minecraft:clay_ball":56,"gravestone:obituary":1,"minecraft:cornflower":1,"minecraft:string":3,"iceandfire:frozen_splinters":1,"minecraft:moss_carpet":1,"minecraft:cooked_salmon":6,"minecraft:iron_leggings":1,"minecraft:gold_nugget":58,"minecraft:cobbled_deepslate":58,"minecraft:bucket":1,"minecraft:beef":9,"minecraft:oak_boat":5,"minecraft:redstone_torch":1,"minecraft:azalea":32,"minecraft:sugar_cane":6,"minecraft:birch_sapling":2,"minecraft:furnace":3,"minecraft:phantom_membrane":2,"minecraft:iron_boots":1,"minecraft:egg":4,"minecraft:stick":15,"minecraft:raw_iron":229,"iceandfire:dragonbone":10,"minecraft:big_dripleaf":4,"minecraft:torch":5,"sophisticatedbackpacks:backpack":1,"minecraft:porkchop":47,"iceandfire:dragon_skull_ice":1,"iceandfire:silver_ingot":1,"minecraft:arrow":9,"minecraft:rotten_flesh":18,"minecraft:glow_berries":34,"minecraft:mutton":35,"minecraft:snowball":5,"minecraft:rail":2,"minecraft:white_wool":23,"minecraft:cobblestone":62,"minecraft:stripped_oak_log":4,"minecraft:birch_log":1,"minecraft:feather":11,"minecraft:cooked_beef":8,"minecraft:andesite":1,"minecraft:salmon":14,"minecraft:leather":12,"minecraft:smoker":9,"minecraft:birch_planks":1,"minecraft:flint":1,"minecraft:tuff":2,"minecraft:oak_log":63,"minecraft:gunpowder":4,"minecraft:lapis_lazuli":191,"minecraft:dirt":19,"minecraft:white_banner":1,"minecraft:cooked_mutton":9,"minecraft:bone":11,"minecraft:acacia_planks":1,"minecraft:wheat_seeds":9,"minecraft:orange_tulip":1,"minecraft:raw_gold":28,"minecraft:iron_ingot":24,"minecraft:stone_pickaxe":1,"minecraft:cooked_chicken":1,"minecraft:moss_block":3,"minecraft:acacia_sapling":1,"minecraft:oak_planks":182,"minecraft:flowering_azalea":10,"minecraft:cooked_porkchop":10,"minecraft:sweet_berries":22,"minecraft:gravel":7,"minecraft:sand":1,"minecraft:stripped_spruce_log":4,"minecraft:spruce_sapling":1,"minecraft:blast_furnace":1,"minecraft:white_bed":4,"minecraft:spider_eye":3,"minecraft:diamond":36,"minecraft:stone_axe":1,"minecraft:iron_helmet":1,"minecraft:emerald":1,"minecraft:oak_sapling":1,"minecraft:coal":250,"iceandfire:raw_silver":1},"minecraft:crafted":{"minecraft:smooth_stone":3,"minecraft:oak_planks":252,"minecraft:cooked_chicken":6,"minecraft:furnace":3,"minecraft:blast_furnace":1,"minecraft:stone":3,"minecraft:flint_and_steel":1,"minecraft:cooked_mutton":3,"minecraft:oak_trapdoor":6,"minecraft:iron_boots":2,"minecraft:iron_axe":1,"minecraft:stone_pickaxe":1,"minecraft:smoker":2,"minecraft:cooked_porkchop":32,"minecraft:crafting_table":2,"minecraft:wooden_pickaxe":1,"minecraft:iron_helmet":2,"minecraft:iron_sword":1,"minecraft:cooked_salmon":3,"minecraft:bucket":1,"minecraft:stone_axe":1,"minecraft:air":0,"minecraft:oak_boat":1,"minecraft:iron_chestplate":1,"minecraft:shield":1,"minecraft:stick":40,"minecraft:iron_ingot":38,"minecraft:iron_pickaxe":1,"minecraft:wooden_axe":1,"minecraft:iron_shovel":1,"minecraft:iron_leggings":2,"minecraft:white_bed":1,"minecraft:torch":92,"minecraft:lapis_block":20}},"DataVersion":3465}