{"stats":{"minecraft:killed":{"iceandfire:hippogryph":6,"minecraft:witch":3,"minecraft:spider":6,"minecraft:skeleton":24,"minecraft:pig":28,"minecraft:zombie_villager":1,"minecraft:creeper":3,"minecraft:sheep":7,"minecraft:pillager":20,"minecraft:zombie":44,"minecraft:cow":25,"minecraft:evoker":1,"minecraft:vindicator":7,"minecraft:drowned":2,"iceandfire:troll":1,"minecraft:wandering_trader":1,"minecraft:ravager":3,"iceandfire:ghost":1,"minecraft:enderman":2},"minecraft:picked_up":{"minecraft:wooden_axe":1,"minecraft:stone_slab":1,"minecraft:lead":1,"minecraft:oak_stairs":2,"iceandfire:manuscript":11,"minecraft:string":6,"minecraft:raw_copper":45,"minecraft:experience_bottle":1,"minecraft:cobbled_deepslate":365,"minecraft:red_sand":4,"minecraft:gold_nugget":7,"minecraft:smooth_stone":3,"minecraft:spruce_planks":2,"minecraft:furnace":11,"minecraft:stick":14,"iceandfire:ghost_chest":1,"minecraft:acacia_log":32,"minecraft:torch":17,"minecraft:green_bed":8,"minecraft:porkchop":21,"iceandfire:crackled_gravel":6,"minecraft:diorite":364,"minecraft:rotten_flesh":29,"minecraft:cobblestone":1984,"minecraft:feather":19,"minecraft:cooked_beef":44,"minecraft:andesite":42,"minecraft:smoker":5,"minecraft:flint":10,"minecraft:tuff":4,"minecraft:lapis_lazuli":217,"minecraft:stripped_birch_log":4,"minecraft:dirt":17,"minecraft:lantern":1,"minecraft:bone":38,"minecraft:acacia_planks":5,"minecraft:bow":4,"minecraft:wheat_seeds":21,"minecraft:raw_gold":44,"minecraft:moss_block":2,"minecraft:oak_planks":16,"minecraft:cooked_porkchop":45,"minecraft:jungle_planks":1,"minecraft:sand":121,"sophisticatedbackpacks:iron_backpack":1,"minecraft:mossy_cobblestone":1,"minecraft:diamond":6,"minecraft:crossbow":2,"minecraft:granite":60,"minecraft:spruce_sign":1,"minecraft:emerald":3,"minecraft:oak_sapling":16,"iceandfire:raw_silver":1,"minecraft:crafting_table":18,"minecraft:gold_block":3,"minecraft:chain":1,"gravestone:obituary":23,"minecraft:moss_carpet":1,"minecraft:iron_axe":1,"minecraft:acacia_door":2,"minecraft:item_frame":1,"minecraft:blackstone":58,"minecraft:beef":28,"minecraft:oak_boat":1,"minecraft:jungle_sapling":3,"minecraft:poppy":4,"minecraft:spruce_slab":1,"minecraft:chest":8,"minecraft:sugar_cane":3,"minecraft:egg":1,"minecraft:raw_iron":652,"minecraft:sandstone":84,"iceandfire:troll_tusk":1,"minecraft:copper_ingot":7,"minecraft:bowl":1,"minecraft:spruce_fence":1,"iceandfire:armor_copper_metal_boots":1,"minecraft:carrot":4,"minecraft:dark_oak_planks":3,"iceandfire:silver_ingot":3,"minecraft:arrow":22,"minecraft:cut_copper":1,"minecraft:hay_block":40,"minecraft:totem_of_undying":2,"minecraft:saddle":3,"minecraft:gold_ingot":7,"minecraft:mutton":14,"minecraft:rail":1,"minecraft:skeleton_skull":1,"minecraft:white_wool":11,"minecraft:oxeye_daisy":1,"minecraft:salmon":1,"minecraft:leather":44,"minecraft:oak_log":57,"minecraft:gunpowder":1,"minecraft:white_banner":1,"minecraft:red_carpet":1,"minecraft:apple":1,"minecraft:gray_carpet":2,"minecraft:iron_ingot":137,"minecraft:cobweb":3,"minecraft:glass_bottle":2,"minecraft:acacia_sapling":1,"minecraft:dark_oak_stairs":1,"minecraft:book":12,"iceandfire:copper_nugget":78,"minecraft:smooth_basalt":3,"minecraft:dandelion":2,"minecraft:gravel":78,"minecraft:blast_furnace":19,"minecraft:white_bed":12,"minecraft:spider_eye":1,"minecraft:coal":1338,"minecraft:ender_pearl":1},"minecraft:custom":{"minecraft:interact_with_crafting_table":80,"minecraft:bell_ring":19,"minecraft:leave_game":6,"minecraft:time_since_death":166414,"minecraft:sprint_one_cm":1388621,"minecraft:damage_blocked_by_shield":5737,"minecraft:drop":304,"minecraft:talked_to_villager":1,"minecraft:play_time":409383,"minecraft:deaths":20,"minecraft:jump":11360,"minecraft:walk_on_water_one_cm":125673,"minecraft:interact_with_furnace":60,"minecraft:sleep_in_bed":10,"minecraft:waystone_activated":1,"minecraft:damage_dealt":34486,"minecraft:crouch_one_cm":74005,"minecraft:interact_with_smoker":22,"minecraft:mob_kills":192,"minecraft:climb_one_cm":3673,"minecraft:walk_one_cm":616998,"minecraft:damage_dealt_absorbed":200,"minecraft:raid_win":1,"minecraft:sneak_time":24036,"minecraft:walk_under_water_one_cm":46755,"minecraft:boat_one_cm":60634,"minecraft:interact_with_lectern":7,"minecraft:interact_with_blast_furnace":76,"minecraft:total_world_time":409383,"minecraft:raid_trigger":1,"minecraft:time_since_rest":287,"minecraft:damage_taken":13384,"minecraft:trigger_trapped_chest":5,"minecraft:swim_one_cm":223063,"minecraft:fly_one_cm":2349620,"minecraft:open_chest":48,"minecraft:fall_one_cm":295658},"minecraft:used":{"minecraft:moss_block":1,"minecraft:shield":89,"minecraft:iron_sword":246,"minecraft:mutton":3,"minecraft:carrot":28,"minecraft:lava_bucket":16,"minecraft:red_carpet":1,"minecraft:furnace":11,"minecraft:oak_sapling":6,"minecraft:diorite":40,"minecraft:oak_planks":74,"minecraft:stone_pickaxe":164,"minecraft:gray_carpet":2,"minecraft:blackstone":2,"minecraft:wooden_pickaxe":4,"minecraft:blast_furnace":19,"minecraft:crossbow":20,"minecraft:acacia_door":2,"minecraft:bread":103,"minecraft:gravel":69,"minecraft:experience_bottle":3,"minecraft:cobweb":3,"minecraft:stone_sword":12,"minecraft:flint_and_steel":74,"vanillaplustools:stone_hammer":379,"minecraft:torch":572,"minecraft:dirt":2,"minecraft:granite":5,"minecraft:dark_oak_planks":1,"minecraft:wooden_axe":8,"minecraft:iron_axe":322,"minecraft:totem_of_undying":1,"minecraft:cooked_beef":28,"minecraft:acacia_planks":12,"minecraft:cobbled_deepslate":10,"minecraft:cooked_mutton":2,"minecraft:acacia_boat":1,"minecraft:water_bucket":67,"minecraft:spruce_sign":1,"minecraft:green_bed":8,"minecraft:rail":1,"minecraft:crafting_table":29,"vanillaplustools:stone_shovel":28,"minecraft:white_bed":13,"minecraft:smoker":5,"minecraft:oak_log":2,"minecraft:apple":1,"vanillaplustools:wooden_hammer":59,"minecraft:iron_pickaxe":518,"minecraft:suspicious_stew":1,"minecraft:stone_axe":70,"minecraft:cobblestone":854,"minecraft:cooked_porkchop":24,"minecraft:bucket":85},"minecraft:dropped":{"iceandfire:raw_silver":1,"minecraft:moss_block":1,"minecraft:dark_oak_stairs":1,"minecraft:lapis_lazuli":6,"minecraft:cooked_beef":1,"minecraft:glass_bottle":2,"minecraft:ender_pearl":1,"minecraft:lantern":1,"minecraft:leather":19,"minecraft:jungle_planks":1,"minecraft:item_frame":1,"minecraft:flint":7,"minecraft:dirt":15,"minecraft:mutton":4,"iceandfire:armor_copper_metal_boots":1,"minecraft:cut_copper":1,"minecraft:jungle_sapling":3,"minecraft:chain":1,"gravestone:obituary":43,"minecraft:gold_nugget":7,"minecraft:sand":121,"minecraft:dark_oak_planks":2,"minecraft:white_wool":5,"minecraft:bone":24,"minecraft:gravel":9,"minecraft:stone_axe":2,"minecraft:blackstone":56,"minecraft:sugar_cane":3,"vanillaplustools:stone_shovel":1,"minecraft:cobbled_deepslate":341,"minecraft:wheat":66,"minecraft:rotten_flesh":28,"minecraft:white_bed":1,"iceandfire:crackled_gravel":6,"minecraft:carrot":3,"minecraft:poppy":4,"iceandfire:ghost_chest":1,"minecraft:gunpowder":1,"vanillaplustools:stone_hammer":1,"minecraft:acacia_sapling":1,"minecraft:chest":8,"minecraft:spruce_slab":1,"minecraft:arrow":4,"minecraft:beef":4,"iceandfire:manuscript":11,"minecraft:egg":1,"minecraft:iron_ingot":1,"minecraft:wheat_seeds":20,"minecraft:mossy_cobblestone":1,"minecraft:cobblestone":673,"minecraft:feather":19,"minecraft:lead":1,"minecraft:granite":55,"minecraft:copper_ingot":7,"minecraft:coal":2,"minecraft:stick":15,"minecraft:oxeye_daisy":1,"minecraft:diorite":324,"iceandfire:copper_nugget":78,"minecraft:torch":14,"minecraft:wooden_axe":3,"minecraft:oak_stairs":2,"minecraft:iron_axe":1,"minecraft:string":6,"minecraft:acacia_planks":2,"minecraft:dandelion":2,"minecraft:smooth_basalt":3,"minecraft:moss_carpet":1,"minecraft:stone_sword":1,"minecraft:raw_copper":45,"minecraft:bowl":2,"minecraft:tuff":4,"minecraft:raw_iron":2,"minecraft:stone_shovel":11,"minecraft:stone_slab":1,"minecraft:name_tag":1,"minecraft:spruce_fence":1,"minecraft:spruce_planks":2,"minecraft:andesite":42,"iceandfire:silver_ingot":3,"minecraft:oak_boat":1,"minecraft:oak_sapling":10,"minecraft:spider_eye":1,"minecraft:sandstone":84,"minecraft:red_sand":4,"minecraft:bow":4,"minecraft:wooden_pickaxe":2},"minecraft:mined":{"minecraft:dark_oak_planks":2,"minecraft:spruce_planks":2,"minecraft:white_bed":12,"minecraft:oak_sapling":1,"minecraft:granite":72,"minecraft:acacia_log":18,"minecraft:grass_block":6,"minecraft:iron_ore":263,"minecraft:fire":80,"minecraft:deepslate_lapis_ore":22,"minecraft:dark_oak_stairs":1,"minecraft:oak_stairs":3,"minecraft:spruce_slab":1,"minecraft:green_bed":8,"minecraft:blackstone":108,"minecraft:smoker":5,"minecraft:torch":3,"minecraft:blast_furnace":19,"minecraft:chest":7,"minecraft:cobblestone":60,"minecraft:oak_planks":13,"minecraft:wall_torch":2,"minecraft:seagrass":1,"minecraft:wheat":1,"minecraft:wither_rose":1,"minecraft:grass":59,"minecraft:oak_log":6,"minecraft:sand":148,"minecraft:dirt":15,"minecraft:smooth_basalt":2,"minecraft:deepslate":264,"minecraft:red_carpet":1,"minecraft:tuff":2,"minecraft:mossy_cobblestone":4,"minecraft:deepslate_diamond_ore":6,"minecraft:stripped_birch_log":4,"minecraft:glow_lichen":1,"gravestone:gravestone":19,"minecraft:jungle_planks":1,"iceandfire:deepslate_silver_ore":1,"minecraft:moss_block":13,"minecraft:sandstone":124,"minecraft:hay_block":40,"minecraft:furnace":11,"minecraft:andesite":48,"minecraft:gold_block":3,"minecraft:bookshelf":4,"minecraft:deepslate_iron_ore":130,"minecraft:rail":2,"minecraft:stone":1608,"minecraft:acacia_leaves":1,"minecraft:crafting_table":18,"minecraft:stone_slab":1,"minecraft:tall_grass":7,"minecraft:copper_ore":11,"minecraft:deepslate_coal_ore":68,"minecraft:deepslate_gold_ore":23,"minecraft:lapis_ore":14,"minecraft:diorite":276,"minecraft:spruce_stairs":1,"minecraft:coal_ore":689,"minecraft:gravel":42,"minecraft:acacia_door":2,"minecraft:gray_carpet":2,"minecraft:acacia_planks":2,"minecraft:gold_ore":22,"minecraft:fern":2},"minecraft:broken":{"vanillaplustools:wooden_hammer":1,"minecraft:iron_boots":1,"minecraft:iron_leggings":1,"minecraft:stone_pickaxe":1,"minecraft:iron_sword":1,"minecraft:flint_and_steel":1,"minecraft:shield":1,"vanillaplustools:stone_hammer":2,"minecraft:iron_axe":1,"minecraft:iron_pickaxe":1,"minecraft:iron_helmet":1},"minecraft:crafted":{"minecraft:oak_planks":220,"minecraft:smooth_stone":15,"minecraft:stone":18,"minecraft:cooked_mutton":2,"minecraft:iron_boots":2,"vanillaplustools:stone_shovel":1,"minecraft:smoker":1,"minecraft:cooked_porkchop":17,"minecraft:crafting_table":12,"minecraft:iron_helmet":2,"minecraft:wooden_pickaxe":11,"minecraft:iron_chestplate":2,"minecraft:shield":3,"minecraft:stick":296,"minecraft:iron_ingot":268,"minecraft:iron_pickaxe":3,"minecraft:iron_block":31,"minecraft:stone_sword":1,"minecraft:gold_ingot":27,"vanillaplustools:wooden_hammer":1,"minecraft:stone_shovel":20,"minecraft:coal":207,"vanillaplustools:stone_hammer":4,"minecraft:furnace":8,"minecraft:blast_furnace":6,"minecraft:flint_and_steel":3,"minecraft:iron_axe":3,"minecraft:stone_pickaxe":37,"minecraft:wheat":360,"minecraft:cooked_beef":10,"minecraft:coal_block":78,"minecraft:crossbow":1,"minecraft:iron_sword":1,"minecraft:bucket":1,"minecraft:stone_axe":2,"minecraft:bread":98,"minecraft:acacia_boat":1,"minecraft:air":0,"minecraft:wooden_axe":2,"minecraft:iron_leggings":2,"minecraft:white_bed":2,"minecraft:acacia_planks":128,"minecraft:torch":524,"minecraft:lapis_block":18}},"DataVersion":3465}