{"stats":{"minecraft:dropped":{"minecraft:wheat_seeds":5,"minecraft:glow_ink_sac":2,"minecraft:cobbled_deepslate":1,"minecraft:pointed_dripstone":7,"minecraft:mossy_cobblestone":1,"minecraft:cooked_porkchop":5,"minecraft:feather":8,"minecraft:rotten_flesh":1,"minecraft:coal":1,"minecraft:dirt":5,"minecraft:cornflower":8,"minecraft:howl_pottery_sherd":1,"minecraft:beetroot_seeds":16,"gravestone:obituary":5,"minecraft:acacia_planks":4,"minecraft:blue_bed":1,"iceandfire:silver_pickaxe":1,"minecraft:brick":3},"minecraft:killed":{"minecraft:wolf":1,"minecraft:pig":10,"minecraft:salmon":3,"minecraft:skeleton":2,"minecraft:zombie":2,"minecraft:chicken":5},"minecraft:used":{"minecraft:stone_sword":112,"minecraft:stone_pickaxe":76,"minecraft:cooked_chicken":4,"minecraft:chest":1,"minecraft:spruce_planks":2,"minecraft:wooden_pickaxe":22,"minecraft:iron_sword":23,"minecraft:iron_chestplate":1,"minecraft:torch":1,"minecraft:mossy_cobblestone":1,"minecraft:dirt":5,"minecraft:crafting_table":3,"minecraft:white_bed":1,"minecraft:acacia_sapling":4,"minecraft:wooden_axe":8,"minecraft:iron_pickaxe":108,"minecraft:iron_helmet":1,"minecraft:iron_boots":1,"minecraft:stone_axe":9,"minecraft:wooden_sword":15,"minecraft:cobblestone":30,"minecraft:furnace":2,"minecraft:cooked_porkchop":13,"minecraft:egg":1,"minecraft:cobbled_deepslate":68,"minecraft:acacia_planks":48,"minecraft:iron_leggings":1},"minecraft:custom":{"minecraft:interact_with_furnace":33,"minecraft:mob_kills":23,"minecraft:open_barrel":5,"minecraft:interact_with_crafting_table":20,"minecraft:leave_game":2,"minecraft:time_since_death":37699,"minecraft:sleep_in_bed":1,"minecraft:time_since_rest":37763,"minecraft:sprint_one_cm":198278,"minecraft:damage_taken":1824,"minecraft:walk_one_cm":228870,"minecraft:drop":28,"minecraft:damage_dealt":2533,"minecraft:swim_one_cm":4360,"minecraft:fly_one_cm":180928,"minecraft:open_chest":10,"minecraft:crouch_one_cm":1136,"minecraft:play_time":82618,"minecraft:deaths":3,"minecraft:sneak_time":822,"minecraft:walk_under_water_one_cm":12615,"minecraft:jump":1493,"minecraft:interact_with_blast_furnace":12,"minecraft:walk_on_water_one_cm":7808,"minecraft:total_world_time":82618,"minecraft:interact_with_smoker":12,"minecraft:fall_one_cm":50728},"minecraft:killed_by":{"minecraft:wolf":1,"minecraft:skeleton":2},"minecraft:picked_up":{"minecraft:wooden_axe":1,"minecraft:crafting_table":1,"minecraft:leather_chestplate":2,"minecraft:feather":8,"minecraft:chicken":8,"minecraft:glow_ink_sac":2,"minecraft:salmon":6,"minecraft:wooden_pickaxe":1,"gravestone:obituary":4,"minecraft:brick":6,"minecraft:cornflower":8,"minecraft:dirt":15,"minecraft:blue_bed":2,"minecraft:wooden_sword":1,"minecraft:bone":4,"minecraft:acacia_planks":158,"minecraft:wheat_seeds":5,"minecraft:cobbled_deepslate":69,"minecraft:raw_gold":12,"minecraft:beef":4,"minecraft:chest":1,"minecraft:acacia_sapling":4,"minecraft:furnace":1,"minecraft:egg":1,"minecraft:smooth_basalt":1,"minecraft:stick":12,"minecraft:raw_iron":47,"minecraft:cooked_porkchop":14,"minecraft:torch":2,"minecraft:acacia_log":44,"minecraft:porkchop":33,"minecraft:stripped_spruce_log":5,"minecraft:pointed_dripstone":8,"minecraft:white_bed":1,"minecraft:mossy_cobblestone":2,"minecraft:howl_pottery_sherd":1,"iceandfire:silver_pickaxe":1,"minecraft:arrow":7,"minecraft:rotten_flesh":1,"minecraft:diamond":9,"minecraft:beetroot_seeds":24,"minecraft:golden_horse_armor":2,"minecraft:coal":18,"minecraft:cobblestone":46},"minecraft:mined":{"minecraft:tuff":3,"minecraft:white_bed":1,"minecraft:deepslate_diamond_ore":9,"minecraft:crafting_table":2,"minecraft:cornflower":7,"minecraft:torch":1,"gravestone:gravestone":3,"minecraft:acacia_log":4,"minecraft:chest":1,"minecraft:tall_grass":4,"minecraft:deepslate_gold_ore":13,"minecraft:large_fern":3,"minecraft:seagrass":1,"minecraft:acacia_sapling":1,"minecraft:furnace":1,"minecraft:iron_ore":29,"minecraft:stripped_spruce_log":5,"minecraft:grass":32,"minecraft:pointed_dripstone":2,"minecraft:coal_ore":18,"minecraft:deepslate_iron_ore":8,"minecraft:acacia_planks":6,"minecraft:stone":48,"minecraft:deepslate":75,"minecraft:fern":4},"minecraft:crafted":{"minecraft:wooden_sword":1,"minecraft:cooked_porkchop":13,"minecraft:crafting_table":2,"minecraft:spruce_planks":20,"minecraft:cooked_chicken":4,"minecraft:iron_helmet":1,"minecraft:wooden_pickaxe":1,"minecraft:iron_sword":1,"minecraft:furnace":1,"minecraft:stone_axe":1,"minecraft:air":0,"minecraft:diamond_helmet":1,"minecraft:iron_boots":1,"minecraft:iron_chestplate":1,"minecraft:shield":1,"minecraft:stick":4,"minecraft:diamond_boots":1,"minecraft:iron_pickaxe":1,"minecraft:iron_ingot":32,"minecraft:stone_pickaxe":1,"minecraft:wooden_axe":1,"minecraft:chest":1,"minecraft:stone_sword":1,"minecraft:iron_leggings":1,"minecraft:acacia_planks":176}},"DataVersion":3465}