{"stats":{"minecraft:killed":{"minecraft:pig":8,"minecraft:sheep":15,"minecraft:chicken":8,"minecraft:cow":8},"minecraft:picked_up":{"minecraft:crafting_table":3,"minecraft:feather":6,"minecraft:chicken":8,"minecraft:brown_wool":1,"minecraft:leather":10,"minecraft:oak_log":56,"minecraft:gunpowder":1,"minecraft:dirt":3,"minecraft:bone":2,"minecraft:apple":7,"minecraft:wheat_seeds":6,"minecraft:spruce_planks":2,"minecraft:beef":18,"minecraft:furnace":1,"minecraft:dark_oak_sapling":27,"minecraft:stick":44,"minecraft:raw_iron":28,"minecraft:torch":2,"minecraft:porkchop":14,"minecraft:spruce_sapling":8,"minecraft:white_bed":1,"minecraft:spruce_log":48,"minecraft:dark_oak_log":40,"minecraft:dark_oak_planks":5,"minecraft:oak_sapling":11,"minecraft:black_wool":2,"minecraft:mutton":21,"minecraft:coal":34,"minecraft:white_wool":12,"minecraft:cobblestone":113},"minecraft:custom":{"minecraft:interact_with_furnace":43,"minecraft:mob_kills":40,"minecraft:interact_with_crafting_table":24,"minecraft:damage_dealt_resisted":50,"minecraft:leave_game":2,"minecraft:time_since_death":40964,"minecraft:sleep_in_bed":1,"minecraft:time_since_rest":26336,"minecraft:waystone_activated":1,"minecraft:sprint_one_cm":75213,"minecraft:damage_taken":960,"minecraft:walk_one_cm":87732,"minecraft:drop":8,"minecraft:damage_dealt":3227,"minecraft:swim_one_cm":358,"minecraft:fly_one_cm":89298,"minecraft:crouch_one_cm":3462,"minecraft:play_time":54062,"minecraft:deaths":2,"minecraft:sneak_time":2635,"minecraft:walk_under_water_one_cm":9506,"minecraft:jump":703,"minecraft:walk_on_water_one_cm":5096,"minecraft:total_world_time":54062,"minecraft:fall_one_cm":11697},"minecraft:used":{"minecraft:cooked_mutton":3,"minecraft:stone_sword":46,"minecraft:stone_pickaxe":102,"minecraft:oak_planks":13,"minecraft:spruce_planks":44,"minecraft:wooden_pickaxe":80,"minecraft:iron_chestplate":1,"minecraft:torch":2,"minecraft:dirt":3,"minecraft:crafting_table":6,"minecraft:white_bed":1,"minecraft:wooden_axe":22,"minecraft:dark_oak_planks":35,"minecraft:apple":4,"minecraft:iron_helmet":1,"minecraft:iron_boots":1,"minecraft:stone_axe":54,"minecraft:wooden_sword":16,"minecraft:cobblestone":42,"minecraft:oak_sapling":11,"minecraft:furnace":2,"minecraft:iron_leggings":1,"minecraft:dark_oak_sapling":15},"minecraft:dropped":{"minecraft:wheat_seeds":5,"minecraft:stone_sword":1,"minecraft:dark_oak_sapling":12,"minecraft:feather":6,"minecraft:gunpowder":1,"minecraft:spruce_sapling":8},"minecraft:mined":{"minecraft:dark_oak_planks":5,"minecraft:spruce_planks":2,"minecraft:white_bed":1,"minecraft:oak_sapling":1,"minecraft:dark_oak_log":1,"minecraft:crafting_table":3,"gravestone:gravestone":1,"minecraft:grass_block":1,"minecraft:tall_grass":6,"minecraft:cobblestone":5,"minecraft:wall_torch":2,"minecraft:furnace":1,"minecraft:iron_ore":27,"minecraft:spruce_log":4,"minecraft:grass":22,"minecraft:coal_ore":35,"minecraft:oak_log":15,"minecraft:deepslate_iron_ore":1,"minecraft:dirt":2,"minecraft:stone":110,"minecraft:fern":1},"minecraft:killed_by":{"minecraft:player":1,"minecraft:illusioner":1},"minecraft:broken":{"minecraft:wooden_axe":2,"minecraft:wooden_pickaxe":1},"minecraft:crafted":{"minecraft:cooked_beef":5,"minecraft:wooden_sword":1,"minecraft:oak_planks":224,"minecraft:crafting_table":4,"minecraft:spruce_planks":192,"minecraft:iron_helmet":1,"minecraft:wooden_pickaxe":2,"minecraft:cooked_chicken":4,"minecraft:iron_sword":1,"minecraft:furnace":1,"minecraft:stone_axe":2,"minecraft:cooked_mutton":21,"minecraft:air":0,"minecraft:iron_boots":1,"minecraft:iron_chestplate":1,"minecraft:stick":8,"minecraft:iron_ingot":28,"minecraft:stone_pickaxe":2,"minecraft:wooden_axe":3,"minecraft:stone_sword":2,"minecraft:iron_leggings":1,"minecraft:white_bed":1,"minecraft:dark_oak_planks":160}},"DataVersion":3465}