{"stats":{"minecraft:used":{"minecraft:crafting_table":1,"minecraft:wooden_pickaxe":3},"minecraft:dropped":{"minecraft:wooden_pickaxe":1},"minecraft:custom":{"minecraft:time_since_rest":0,"minecraft:crouch_one_cm":323,"minecraft:deaths":1,"minecraft:play_time":2033,"minecraft:sprint_one_cm":4280,"minecraft:damage_taken":240,"minecraft:walk_one_cm":2155,"minecraft:sneak_time":92,"minecraft:drop":1,"minecraft:jump":55,"minecraft:leave_game":1,"minecraft:time_since_death":0,"minecraft:total_world_time":2033,"minecraft:interact_with_crafting_table":2,"minecraft:fall_one_cm":5989,"minecraft:fly_one_cm":14259},"minecraft:picked_up":{"minecraft:wooden_pickaxe":1,"minecraft:oak_log":3,"minecraft:cobblestone":3},"minecraft:crafted":{"minecraft:oak_planks":12,"minecraft:crafting_table":1,"minecraft:stick":4,"minecraft:wooden_pickaxe":1,"minecraft:stone_pickaxe":1},"minecraft:mined":{"minecraft:grass":6,"minecraft:oak_log":3,"minecraft:stone":3}},"DataVersion":3465}