{"stats":{"minecraft:mined":{"minecraft:ice":5},"minecraft:custom":{"minecraft:jump":53,"minecraft:time_since_rest":5279,"minecraft:damage_taken":36,"minecraft:crouch_one_cm":2616,"minecraft:sprint_one_cm":7240,"minecraft:play_time":5279,"minecraft:walk_on_water_one_cm":1034,"minecraft:time_since_death":5279,"minecraft:walk_one_cm":11961,"minecraft:sneak_time":327,"minecraft:damage_resisted":4,"minecraft:total_world_time":5279,"minecraft:walk_under_water_one_cm":572,"minecraft:swim_one_cm":702,"minecraft:fall_one_cm":1250,"minecraft:drop":3,"minecraft:fly_one_cm":24711},"minecraft:dropped":{"alexsmobs:animal_dictionary":1,"patchouli:guide_book":2},"minecraft:used":{"minecraft:knowledge_book":36,"alexsmobs:animal_dictionary":1}},"DataVersion":3465}