{"stats":{"minecraft:dropped":{"minecraft:brown_mushroom":1,"minecraft:wheat_seeds":6,"minecraft:glow_ink_sac":2,"minecraft:glass_bottle":2,"minecraft:golden_horse_armor":1,"minecraft:dripstone_block":23,"minecraft:feather":9,"minecraft:red_mushroom":4,"minecraft:flint":1,"minecraft:stick":1,"minecraft:dirt":9,"minecraft:cornflower":3,"gravestone:obituary":7,"minecraft:flowering_azalea":1,"minecraft:string":2,"minecraft:redstone":2,"minecraft:pink_tulip":1,"minecraft:dandelion":1,"minecraft:bone":10,"minecraft:tuff":3,"minecraft:chicken":3,"minecraft:rotten_flesh":3,"minecraft:leather_chestplate":1,"minecraft:gunpowder":4,"minecraft:beetroot_seeds":8,"minecraft:acacia_sapling":12,"minecraft:spider_eye":1,"minecraft:arrow":10,"minecraft:beef":4,"minecraft:wooden_pickaxe":2,"iceandfire:silver_pickaxe":1,"minecraft:black_wool":1},"minecraft:killed":{"minecraft:witch":1,"minecraft:spider":2,"minecraft:skeleton":3,"minecraft:chicken":12,"minecraft:cat":2,"minecraft:pig":8,"minecraft:iron_golem":1,"minecraft:creeper":1,"minecraft:sheep":4,"minecraft:pillager":1,"minecraft:zombie":7,"minecraft:glow_squid":1,"minecraft:cow":9},"minecraft:used":{"minecraft:moss_block":30,"iceandfire:silver_sword":26,"minecraft:spruce_planks":20,"minecraft:shield":1,"minecraft:iron_sword":36,"minecraft:cooked_chicken":3,"minecraft:rotten_flesh":3,"minecraft:torch":51,"minecraft:dirt":43,"minecraft:mutton":2,"minecraft:stripped_spruce_log":5,"minecraft:wooden_axe":19,"minecraft:iron_axe":41,"minecraft:iron_helmet":1,"minecraft:sweet_berries":3,"minecraft:furnace":13,"minecraft:egg":5,"minecraft:cooked_beef":1,"minecraft:potato":2,"minecraft:acacia_planks":11,"minecraft:pointed_dripstone":6,"minecraft:cooked_mutton":2,"minecraft:water_bucket":3,"minecraft:diorite":1,"minecraft:stone_pickaxe":136,"minecraft:wooden_pickaxe":4,"minecraft:crafting_table":17,"minecraft:blast_furnace":1,"minecraft:white_bed":3,"iceandfire:silver_pickaxe":164,"minecraft:chicken":5,"minecraft:bread":32,"minecraft:iron_pickaxe":221,"minecraft:gravel":11,"minecraft:stone_axe":140,"iceandfire:silver_hoe":54,"minecraft:cobblestone":109,"minecraft:cooked_porkchop":17,"minecraft:bucket":4,"minecraft:coarse_dirt":8},"minecraft:broken":{"minecraft:stone_pickaxe":1,"minecraft:stone_axe":1,"minecraft:wooden_axe":1},"minecraft:custom":{"minecraft:mob_kills":57,"minecraft:open_barrel":11,"minecraft:interact_with_crafting_table":41,"minecraft:leave_game":8,"minecraft:time_since_death":30914,"minecraft:climb_one_cm":1442,"minecraft:sprint_one_cm":339859,"minecraft:walk_one_cm":203387,"minecraft:damage_blocked_by_shield":60,"minecraft:drop":62,"minecraft:damage_dealt_absorbed":12,"minecraft:talked_to_villager":5,"minecraft:play_time":151008,"minecraft:deaths":7,"minecraft:sneak_time":7093,"minecraft:walk_under_water_one_cm":5820,"minecraft:jump":3768,"minecraft:interact_with_blast_furnace":9,"minecraft:walk_on_water_one_cm":10073,"minecraft:total_world_time":151008,"minecraft:interact_with_furnace":55,"minecraft:sleep_in_bed":3,"minecraft:time_since_rest":30940,"minecraft:damage_taken":5551,"minecraft:damage_dealt":8838,"minecraft:fly_one_cm":669885,"minecraft:swim_one_cm":27063,"minecraft:open_chest":8,"minecraft:crouch_one_cm":22868,"minecraft:interact_with_smoker":1,"minecraft:fall_one_cm":169415},"minecraft:killed_by":{"minecraft:player":2,"minecraft:creeper":1,"minecraft:skeleton":2,"minecraft:zombie":1},"minecraft:picked_up":{"minecraft:charcoal":2,"minecraft:crafting_table":18,"minecraft:coarse_dirt":8,"minecraft:chicken":11,"minecraft:brown_mushroom":1,"minecraft:wooden_pickaxe":1,"minecraft:cornflower":3,"minecraft:music_disc_cat":1,"minecraft:string":10,"minecraft:raw_copper":47,"minecraft:cobbled_deepslate":23,"minecraft:beef":29,"minecraft:furnace":13,"minecraft:egg":5,"minecraft:stick":17,"minecraft:raw_iron":107,"minecraft:torch":31,"minecraft:acacia_log":76,"minecraft:porkchop":25,"minecraft:pointed_dripstone":6,"minecraft:diorite":1,"minecraft:carrot":1,"minecraft:redstone":78,"minecraft:arrow":10,"minecraft:rotten_flesh":23,"minecraft:beetroot_seeds":8,"minecraft:hay_block":47,"minecraft:pink_tulip":1,"minecraft:mutton":4,"minecraft:cobblestone":143,"minecraft:white_wool":3,"minecraft:feather":9,"minecraft:cooked_beef":1,"minecraft:glow_ink_sac":2,"minecraft:leather":13,"minecraft:red_mushroom":4,"minecraft:potato":1,"minecraft:flint":1,"minecraft:tuff":3,"minecraft:oak_log":24,"minecraft:yellow_bed":1,"minecraft:gunpowder":4,"minecraft:lapis_lazuli":40,"minecraft:dirt":52,"minecraft:bone":10,"minecraft:acacia_planks":18,"minecraft:apple":2,"minecraft:wheat_seeds":6,"minecraft:raw_gold":13,"minecraft:iron_ingot":8,"minecraft:glass_bottle":2,"minecraft:moss_block":30,"minecraft:flowering_azalea":1,"minecraft:acacia_sapling":25,"minecraft:cooked_porkchop":2,"minecraft:sweet_berries":3,"minecraft:dandelion":1,"minecraft:dripstone_block":23,"minecraft:gravel":11,"minecraft:stripped_spruce_log":16,"minecraft:blast_furnace":1,"minecraft:white_bed":2,"minecraft:spider_eye":1,"minecraft:golden_horse_armor":1,"minecraft:oak_sapling":14,"minecraft:black_wool":1,"minecraft:coal":347,"iceandfire:raw_silver":7},"minecraft:mined":{"minecraft:white_bed":2,"iceandfire:silver_ore":7,"gravestone:gravestone":7,"minecraft:acacia_log":6,"minecraft:grass_block":6,"minecraft:spawner":1,"minecraft:hay_block":47,"minecraft:furnace":13,"minecraft:nether_sprouts":2,"minecraft:iron_ore":69,"minecraft:stripped_spruce_log":12,"minecraft:deepslate_lapis_ore":6,"minecraft:pointed_dripstone":1,"minecraft:flowering_azalea_leaves":1,"minecraft:deepslate_iron_ore":34,"minecraft:vine":1,"minecraft:pink_tulip":1,"minecraft:azalea_leaves":1,"minecraft:stone":131,"minecraft:dead_fire_coral":1,"minecraft:deepslate_redstone_ore":18,"minecraft:dandelion":1,"minecraft:crafting_table":18,"minecraft:cornflower":4,"minecraft:torch":15,"minecraft:dead_fire_coral_fan":1,"minecraft:blast_furnace":1,"minecraft:copper_ore":14,"minecraft:tall_grass":14,"minecraft:cobblestone":2,"minecraft:deepslate_gold_ore":4,"minecraft:diorite":1,"minecraft:wall_torch":14,"minecraft:sweet_berry_bush":1,"minecraft:orange_tulip":1,"minecraft:yellow_bed":1,"minecraft:grass":26,"minecraft:oak_log":1,"minecraft:coal_ore":115,"minecraft:dripstone_block":23,"minecraft:gravel":12,"minecraft:dirt":43,"minecraft:acacia_planks":4,"minecraft:gold_ore":8,"minecraft:deepslate":23,"minecraft:fern":6},"minecraft:crafted":{"minecraft:smooth_stone":3,"minecraft:cooked_chicken":3,"minecraft:furnace":2,"minecraft:blast_furnace":1,"minecraft:stone":3,"minecraft:cooked_mutton":2,"sophisticatedbackpacks:smelting_upgrade":1,"minecraft:iron_axe":1,"minecraft:stone_pickaxe":1,"minecraft:chest":1,"minecraft:wheat":423,"minecraft:cooked_beef":4,"minecraft:coal_block":11,"sophisticatedbackpacks:backpack":1,"minecraft:cooked_porkchop":15,"iceandfire:silver_ingot":7,"minecraft:crafting_table":1,"minecraft:spruce_planks":24,"minecraft:iron_helmet":1,"minecraft:wooden_pickaxe":1,"minecraft:bucket":1,"minecraft:stone_axe":2,"sophisticatedbackpacks:upgrade_base":1,"minecraft:bread":141,"minecraft:air":0,"minecraft:iron_chestplate":1,"minecraft:charcoal":2,"minecraft:shield":1,"minecraft:stick":20,"minecraft:iron_ingot":24,"minecraft:iron_pickaxe":1,"minecraft:wooden_axe":1,"minecraft:white_bed":1,"minecraft:acacia_planks":156,"minecraft:torch":20,"iceandfire:silver_pickaxe":1,"iceandfire:silver_sword":1,"iceandfire:silver_hoe":1}},"DataVersion":3465}