{"stats":{"minecraft:custom":{"minecraft:interact_with_crafting_table":38,"minecraft:open_barrel":14,"goblintraders:trade_with_goblin":26,"minecraft:bell_ring":5,"minecraft:leave_game":32,"minecraft:time_since_death":100367,"minecraft:play_time":911130,"minecraft:deaths":21,"minecraft:jump":10055,"minecraft:enchant_item":11,"minecraft:interact_with_furnace":104,"minecraft:traded_with_villager":3,"minecraft:sleep_in_bed":5,"minecraft:waystone_activated":7,"minecraft:damage_dealt":146959,"minecraft:interact_with_smoker":1,"minecraft:inspect_dispenser":6,"minecraft:interact_with_smithing_table":9,"minecraft:interact_with_anvil":49,"minecraft:damage_dealt_absorbed":1241,"minecraft:sneak_time":77001,"minecraft:interact_with_blast_furnace":21,"minecraft:total_world_time":911130,"vampirism:blood_drunk":4000,"minecraft:time_since_rest":47525,"minecraft:swim_one_cm":346202,"minecraft:fly_one_cm":4698408,"minecraft:open_chest":362,"minecraft:fall_one_cm":538114,"lootr:looted_stat":157,"minecraft:damage_resisted":149,"minecraft:sprint_one_cm":3976653,"minecraft:drop":496,"minecraft:talked_to_villager":31,"minecraft:interact_with_brewingstand":1,"minecraft:walk_on_water_one_cm":204806,"minecraft:player_kills":14,"minecraft:crouch_one_cm":630787,"minecraft:mob_kills":743,"minecraft:damage_dealt_resisted":8976,"minecraft:climb_one_cm":48801,"minecraft:walk_one_cm":3280715,"minecraft:strider_one_cm":41,"minecraft:walk_under_water_one_cm":124760,"minecraft:damage_taken":52427,"minecraft:damage_absorbed":13378},"minecraft:used":{"botania:white_petal":122,"minecraft:dispenser":4,"minecraft:poppy":1,"minecraft:ladder":14,"evilcraft:blood_chest":7,"minecraft:chest":12,"minecraft:stone":228,"lootr:trophy":4,"obtrophies:trophy":2,"ae2:import_bus":14,"minecraft:deepslate_brick_slab":123,"ironchest:iron_chest":1,"vampirism:dark_spruce_trapdoor":20,"born_in_chaos_v1:smoked_flesh":1,"minecraft:lava_bucket":2,"minecraft:red_wool":5,"minecraft:grass_block":27,"born_in_chaos_v1:mint_candy":3,"minecraft:birch_sapling":4,"minecraft:polished_andesite_stairs":1,"minecraft:netherite_hoe":28,"connectedglass:clear_glass_pane":186,"minecraft:stone_brick_stairs":1,"born_in_chaos_v1:maggot_spawn_egg":1,"minecraft:bow":20,"minecraft:sweet_berries":16,"mutantmonsters:hulk_hammer":47,"minecraft:furnace":2,"minecraft:egg":4,"minecraft:spider_spawn_egg":1,"minecraft:cow_spawn_egg":1,"nature_arise:fir_boat":2,"minecraft:wooden_pickaxe":4,"vampirism:human_heart":2,"minecraft:golden_apple":11,"evilcraft:undead_sapling":13,"minecraft:blast_furnace":2,"born_in_chaos_v1:holiday_candy":5,"cataclysm:lionfish":1,"nature_arise:fir_sign":14,"minecraft:crying_obsidian":1,"born_in_chaos_v1:monster_flesh":2,"graveyard:ghoul_spawn_egg":1,"minecraft:fire_charge":1,"sons_of_sins:flesh_of_demise":2,"botania:pure_daisy":6,"minecraft:smithing_table":5,"minecraft:birch_log":24,"regions_unexplored:red_maple_sapling":6,"evilcraft:sanguinary_pedestal_0":13,"fishofthieves:leeches":1,"nature_arise:blueberries":16,"ironfurnaces:gold_furnace":2,"create:limestone":1,"minecraft:stone_sword":20,"minecraft:enchanting_table":2,"ae2:export_bus":5,"minecraft:netherrack":7,"travelersbackpack:bat":7,"minecraft:stick":6,"minecraft:torch":92,"ae2:white_smart_cable":5,"minecraft:anvil":5,"regions_unexplored:mycotoxic_grass":2,"minecraft:stone_stairs":89,"regions_unexplored:clover":5,"minecraft:mossy_cobblestone_stairs":1,"botania:blue_mystical_flower":2,"stalwart_dungeons:diamond_hammer":1782,"minecraft:spawner":15,"minecraft:diamond_chestplate":5,"minecraft:gunpowder":4,"comforts:sleeping_bag_white":2,"minecraft:cobbled_deepslate":1,"minecraft:water_bucket":52,"minecraft:bundle":4,"minecraft:deepslate_bricks":600,"minecraft:gilded_blackstone":4,"minecraft:mossy_cobblestone":3,"supplementaries:bomb":1,"minecraft:crafting_table":13,"minecraft:red_bed":1,"botania:apothecary_default":5,"born_in_chaos_v1:decrepit_skeleton_spawn_egg":1,"majruszsdifficulty:undead_army_treasure_bag":1,"minecraft:iron_pickaxe":58,"nature_arise:fir_fence_gate":3,"ae2:fluix_glass_cable":21,"ad_astra:sky_stone":1,"epicsamurai:katana":50,"minecraft:cobblestone":413,"evilcraft:dark_tank":10,"vanillaplustools:iron_hammer":1031,"minecraft:cooked_porkchop":1,"minecraft:dandelion":1,"minecraft:diamond_leggings":1,"epicfight:uchigatana":23,"alexsmobs:spawn_egg_cosmic_cod":1,"regions_unexplored:silt_dirt":29,"minecraft:iron_shovel":250,"minecraft:polished_deepslate":185,"minecraft:oak_sign":1,"born_in_chaos_v1:intoxicating_decoction":1,"minecraft:iron_sword":54,"minecraft:zombie_spawn_egg":8,"minecraft:grass":3,"paraglider:goddess_statue":4,"minecraft:stray_spawn_egg":1,"minecraft:tuff":2,"minecraft:milk_bucket":1,"minecraft:obsidian":20,"minecraft:glass":4,"wom:agony":1274,"born_in_chaos_v1:corpse_maggot":3,"vampirism:item_tent":1,"born_in_chaos_v1:baby_skeleton_minion_spawn_egg":1,"regions_unexplored:maple_sapling":3,"born_in_chaos_v1:gnawed_bones":1,"minecraft:stone_bricks":1,"connectedglass:borderless_glass_pane":262,"evilcraft:obscured_glass":129,"ars_nouveau:sourceberry_bush":53,"regions_unexplored:red_maple_leaf_pile":2,"epicfight:skillbook":78,"nature_arise:fir_fence":31,"minecraft:stone_pickaxe":94,"fishofthieves:splashtail":1,"ad_astra:steel_cable":5,"minecraft:redstone_block":2,"minecraft:diamond_axe":320,"twigs:cobblestone_brick_stairs":14,"minecraft:blue_bed":1,"botania:fertilizer":8,"ironchest:copper_chest":2,"supplementaries:netherite_trapdoor":1,"minecraft:shears":5,"waystones:waystone":3,"alexsmobs:cosmic_cod":1,"minecraft:lever":2,"minecraft:firework_rocket":3,"minecraft:string":1,"minecraft:bread":56,"ironchest:iron_to_gold_chest_upgrade":1,"born_in_chaos_v1:rotten_fish":1,"storagenetwork:import_kabel":2,"born_in_chaos_v1:corpse_fish_spawn_egg":1,"minecraft:andesite":4,"minecraft:smooth_stone_slab":1,"epicfight:diamond_longsword":575,"regions_unexplored:maple_boat":1,"minecraft:bone_meal":205,"minecraft:golden_pickaxe":32,"minecraft:experience_bottle":4,"ae2:white_glass_cable":1,"minecraft:trident":62,"minecraft:flint_and_steel":64,"minecraft:cooked_chicken":1,"evilcraft:purifier":1,"regions_unexplored:maple_planks":60,"fishofthieves:earthworms":1,"minecraft:dirt":230,"minecraft:wooden_axe":61,"minecraft:bookshelf":30,"born_in_chaos_v1:black_argillite_column_slab":1,"epicfight:glove":18,"minecraft:iron_boots":1,"connectedglass:borderless_glass":12,"evilcraft:spiked_plate":22,"nature_arise:fir_planks":30,"ironchest:gold_chest":5,"minecraft:cooked_beef":4,"minecraft:enchanted_golden_apple":1,"minecraft:iron_leggings":1,"minecraft:cooked_mutton":6,"evilcraft:entangled_chalice":39,"evilcraft:blood_infuser":1,"ironchest:wood_to_copper_chest_upgrade":1,"connectedglass:clear_glass":122,"l2weaponry:totemic_gold_hammer":1633,"minecraft:apple":76,"minecraft:stone_axe":17,"twigs:twig":15,"minecraft:lapis_block":3,"minecraft:bucket":59,"alexsmobs:animal_dictionary":1},"minecraft:mined":{"evilcraft:entangled_chalice":20,"evilcraft:undead_leaves":13,"botania:red_mystical_flower":1,"epicpaladins:cryorium_ore":3,"minecraft:obsidian":2,"minecraft:granite":1,"botania:livingwood_log":24,"epicsamurai:silver_ore":1,"minecraft:deepslate_bricks":252,"ironchest:copper_chest":2,"minecraft:chiseled_stone_bricks":1,"minecraft:spawner":48,"minecraft:tall_seagrass":2,"epicsamurai:deepslate_jade_ore":2,"regions_unexplored:stone_bud":1,"minecraft:mossy_cobblestone_stairs":1,"nature_arise:fir_wall_sign":1,"minecraft:fire":2,"minecraft:cobbled_deepslate":21,"ironchest:gold_chest":4,"minecraft:deepslate_lapis_ore":16,"nature_arise:aluminium_ore":10,"botania:brown_mystical_flower":3,"regions_unexplored:silt_grass_block":5,"botania:light_blue_mystical_flower":1,"create:veridium":1,"create:limestone":5,"botania:green_mystical_flower":2,"minecraft:brown_mushroom":1,"minecraft:red_bed":1,"minecraft:powder_snow":3,"minecraft:torch":6,"minecraft:blast_furnace":1,"minecraft:polished_andesite_stairs":3,"galosphere:silver_ore":18,"minecraft:glass":4,"botania:black_mystical_flower":2,"minecraft:birch_sapling":2,"minecraft:stone_brick_stairs":1,"minecraft:grass":41,"regions_unexplored:clover":3,"twigs:cobblestone_brick_stairs":10,"regions_unexplored:mycotoxic_grass":1,"minecraft:deepslate":1294,"epicpaladins:arclight_ore":1,"evilcraft:hardened_blood":8,"minecraft:infested_deepslate":2,"minecraft:yellow_terracotta":1,"create:zinc_ore":1,"connectedglass:borderless_glass_pane":167,"minecraft:mossy_cobblestone":3,"epicsamurai:deepslate_onyx_ore":3,"evilcraft:dark_tank":4,"farmersdelight:wild_carrots":1,"connectedglass:clear_glass":2,"diagonalfences:nature_arise/fir_fence":4,"minecraft:moss_block":1,"born_in_chaos_v1:gnawed_bones":1,"nature_arise:budding_topaz":1,"obtrophies:trophy":1,"minecraft:redstone_ore":1,"minecraft:andesite":5,"minecraft:green_terracotta":1,"ad_astra:sky_stone":1,"twigs:opaline_seashell":1,"regions_unexplored:felicia_daisy":1,"minecraft:smithing_table":2,"botania:lime_mystical_flower":1,"galosphere:deepslate_silver_ore":13,"minecraft:dandelion":5,"regions_unexplored:silt_dirt":8,"minecraft:copper_ore":8,"minecraft:tall_grass":16,"minecraft:deepslate_gold_ore":4,"nature_arise:blueberry_bush":4,"minecraft:diorite":206,"epicpaladins:bloodstone_ore":6,"minecraft:birch_leaves":18,"evilcraft:obscured_glass":27,"botania:white_mystical_flower":3,"vampirism:fire_place":1,"nature_arise:fir_sign":2,"minecraft:gravel":12,"botania:gray_mystical_flower":1,"minecraft:cobweb":1,"minecraft:stone_bricks":2,"evilcraft:spiked_plate":1,"minecraft:gold_ore":1,"minecraft:fern":4,"create:deepslate_zinc_ore":2,"minecraft:spruce_planks":1,"connectedglass:borderless_glass":9,"regions_unexplored:maple_log":62,"minecraft:brewing_stand":1,"regions_unexplored:hanging_prismarite":1,"minecraft:grass_block":324,"twigs:twig":5,"ars_nouveau:sourceberry_bush":20,"minecraft:gilded_blackstone":4,"botania:apothecary_default":3,"ironfurnaces:gold_furnace":1,"minecraft:iron_ore":122,"minecraft:anvil":1,"vampirism:tent":2,"supplementaries:stick":2,"epicsamurai:deepslate_silver_ore":5,"minecraft:deepslate_redstone_ore":3,"minecraft:cyan_terracotta":1,"minecraft:poppy":3,"minecraft:chest":7,"born_in_chaos_v1:black_argillite_column_slab":1,"minecraft:cobblestone":166,"botania:blue_mystical_flower":4,"extractinator:silt":1,"minecraft:wall_torch":8,"minecraft:seagrass":4,"minecraft:stone_stairs":36,"lootr:trophy":3,"epicpaladins:deepslate_cryorium_ore":19,"evilcraft:dark_ore_deepslate":9,"minecraft:birch_log":129,"epicsamurai:aquamarine_ore":8,"minecraft:smooth_stone_slab":7,"minecraft:oak_log":69,"minecraft:sand":369,"minecraft:dirt":144,"minecraft:netherrack":11,"minecraft:oak_leaves":27,"minecraft:crying_obsidian":1,"minecraft:red_carpet":1,"minecraft:tuff":3,"born_in_chaos_v1:infected_diamond_ore":4,"connectedglass:clear_glass_pane":24,"minecraft:spruce_leaves":2,"minecraft:large_fern":7,"minecraft:hay_block":34,"evilcraft:sanguinary_pedestal_0":5,"epicsamurai:onyx_ore":2,"minecraft:deepslate_brick_slab":3,"minecraft:furnace":1,"evilcraft:dark_ore":14,"supplementaries:gunpowder":1,"minecraft:gold_block":5,"minecraft:polished_deepslate":18,"minecraft:deepslate_iron_ore":32,"botania:livingrock":48,"botania:pure_daisy":1,"regions_unexplored:medium_grass":2,"minecraft:stone":1723,"evilcraft:undead_sapling":1,"born_in_chaos_v1:marigolds":13,"botania:white_buried_petals":4,"minecraft:red_wool":5,"vampirism:tent_main":1,"minecraft:crafting_table":8,"botania:white_double_flower":89,"minecraft:blue_bed":1,"minecraft:air":13,"supplementaries:urn":13,"botania:cyan_mystical_flower":2,"rpgsmw:mineral_ore":1,"minecraft:sweet_berry_bush":6,"regions_unexplored:red_maple_leaf_pile":1,"minecraft:coal_ore":133,"botania:yellow_mystical_flower":1,"evilcraft:undead_log":17,"evilcraft:blood_stain":3,"nature_arise:topaz_cluster":2,"minecraft:polished_andesite":8,"paraglider:goddess_statue":4},"minecraft:picked_up":{"waystones:warp_stone":1,"minecraft:anvil":1,"minecraft:smithing_table":2,"regions_unexplored:silt_dirt":54,"minecraft:enchanted_book":9,"nature_arise:topaz_shard":4,"minecraft:brewing_stand":2,"minecraft:stray_spawn_egg":2,"connectedglass:borderless_glass_pane":86,"minecraft:polished_deepslate":204,"paraglider:goddess_statue":4,"minecraft:string":44,"connectedglass:clear_glass":1,"create:limestone":5,"travelersbackpack:creeper":1,"vampirism:obi_belt":6,"evilcraft:entangled_chalice":20,"minecraft:diamond_leggings":2,"minecraft:cobbled_deepslate":1379,"bosses_of_mass_destruction:soul_star":9,"minecraft:coal_block":12,"born_in_chaos_v1:shattered_skull":3,"nature_arise:raw_aluminium":24,"ironchest:gold_chest":4,"vampirism:enhanced_crossbow":1,"minecraft:golden_chestplate":1,"minecraft:green_terracotta":1,"botania:white_mystical_flower":3,"minecraft:zombie_spawn_egg":21,"monsterplus:crystal_clump":6,"minecraft:stone_sword":1,"botania:livingrock":72,"minecraft:red_tulip":4,"minecraft:cyan_terracotta":1,"farmersdelight:rope":20,"botania:livingwood_log":18,"ars_nouveau:sourceberry_bush":39,"supplementaries:ash":308,"minecraft:birch_log":139,"minecraft:feather":5,"minecraft:water_bucket":1,"nature_arise:fir_fence":25,"ironchest:copper_chest":2,"alexsmobs:bison_fur":1,"minecraft:flint":1,"travelersbackpack:gold_tier_upgrade":1,"evilcraft:promise_efficiency_0":1,"lootr:trophy":3,"botania:white_double_flower":90,"born_in_chaos_v1:marigolds":13,"minecraft:gray_terracotta":1,"minecraft:diamond_helmet":3,"minecraft:glowstone_dust":3,"galosphere:raw_silver":49,"minecraft:moss_block":30,"epicsamurai:raw_silver":20,"botania:red_mystical_flower":1,"vampirism:ring":1,"extractinator:silt":1,"epicsamurai:straw_hat":6,"cataclysm:lionfish":1,"minecraft:polished_andesite":7,"minecraft:lever":1,"born_in_chaos_v1:bone_imp_minion_spawn_egg":1,"regions_unexplored:clover":7,"minecraft:bread":19,"alexsmobs:maggot":7,"born_in_chaos_v1:rotten_fish":14,"botania:gray_petal":2,"minecraft:crafting_table":15,"born_in_chaos_v1:seedof_chaos":6,"regions_unexplored:maple_boat":1,"born_in_chaos_v1:corpse_fish_spawn_egg":1,"minecraft:spider_spawn_egg":2,"epicfight:stray_pants":4,"minecraft:cornflower":1,"minecraft:red_bed":1,"epicfight:stray_hat":2,"born_in_chaos_v1:intoxicating_decoction":7,"epicsamurai:jade":10,"twigs:opaline_seashell":1,"evilcraft:spiked_plate":5,"botania:pure_daisy":10,"minecraft:beef":33,"born_in_chaos_v1:gnawed_bones":2,"minecraft:poppy":18,"minecraft:chest":7,"minecraft:birch_sapling":50,"minecraft:egg":4,"connectedglass:clear_glass_pane":3,"minecraft:stone":36,"evilcraft:hardened_blood":3,"born_in_chaos_v1:pieceofdarkmetal":9,"minecraft:carrot":9,"minecraft:redstone":23,"minecraft:diamond_chestplate":2,"ironfurnaces:gold_furnace":1,"minecraft:diamond_boots":1,"botania:apothecary_default":3,"minecraft:deepslate_bricks":478,"botania:blue_mystical_flower":6,"minecraft:hay_block":34,"majruszsdifficulty:soul_jar":1,"born_in_chaos_v1:spiny_shell":5,"minecraft:totem_of_undying":1,"botania:green_mystical_flower":2,"minecraft:mutton":6,"minecraft:white_wool":3,"born_in_chaos_v1:black_argillite_column_slab":1,"born_in_chaos_v1:monster_flesh":2,"vampirism:item_tent":3,"chipped:classic_windowed_acacia_trapdoor":2,"majruszsdifficulty:tattered_helmet":4,"majruszsdifficulty:cloth":11,"nature_arise:blueberries":16,"ars_nouveau:wilden_wing":1,"waystones:sandy_waystone":2,"minecraft:oak_log":114,"stalwart_dungeons:diamond_hammer":2,"regions_unexplored:red_maple_sapling":6,"born_in_chaos_v1:baby_skeleton_minion_spawn_egg":1,"minecraft:blue_bed":1,"minecraft:spawner":12,"minecraft:apple":6,"minecraft:stone_bricks":1,"alexsmobs:cockroach_wing_fragment":3,"majruszsdifficulty:tattered_leggings":2,"minecraft:wild_armor_trim_smithing_template":2,"born_in_chaos_v1:wither_scuttler_spawn_egg":1,"twigs:cobblestone_brick_stairs":14,"epicsamurai:aquamarine":16,"minecraft:iron_sword":1,"minecraft:polished_andesite_stairs":2,"minecraft:sweet_berries":12,"vampirism:fire_place":1,"minecraft:red_wool":5,"born_in_chaos_v1:orbofthe_summoner":1,"born_in_chaos_v1:ethereal_spirit":8,"minecraft:gravel":3,"epicfight:uchigatana":2,"minecraft:spruce_sapling":1,"minecraft:crying_obsidian":1,"minecraft:leather_helmet":2,"epicfight:diamond_longsword":1,"minecraft:baked_potato":2,"botania:brown_mystical_flower":5,"minecraft:ender_pearl":5,"alexsmobs:cosmic_cod":1,"nature_arise:fir_planks":259,"travelersbackpack:bat":1,"regions_unexplored:maple_planks":35,"minecraft:gilded_blackstone":4,"minecraft:stone_brick_stairs":1,"minecraft:raw_copper":113,"minecraft:smooth_stone_slab":6,"epicpaladins:bloodstone_gem":13,"nature_arise:fir_sign":7,"minecraft:sea_pickle":1,"minecraft:smooth_stone":1,"comforts:sleeping_bag_white":3,"enderzoology:ender_fragment":12,"rpgsmw:redarium":2,"evilcraft:blood_extractor":1,"minecraft:furnace":1,"minecraft:tipped_arrow":18,"minecraft:stick":20,"nature_arise:fir_log":85,"epicpaladins:arclight_gem":1,"minecraft:torch":35,"botania:yellow_mystical_flower":2,"travelersbackpack:iron_tier_upgrade":4,"travelersbackpack:diamond_tier_upgrade":2,"epicfight:skillbook":73,"minecraft:porkchop":2,"vampirism:holy_water_bottle_enhanced":1,"vampirism:vampire_fang":1,"minecraft:diorite":186,"mutantmonsters:hulk_hammer":4,"minecraft:rotten_flesh":1487,"epicpaladins:cryorium_gem":104,"botania:light_gray_mystical_flower":3,"minecraft:obsidian":2,"minecraft:cobblestone":1873,"relics:roller_skates":1,"vampirism:vampire_book":2,"minecraft:leather_chestplate":1,"minecraft:andesite":5,"minecraft:potato":11,"alexsmobs:bear_fur":8,"paraglider:spirit_orb":96,"minecraft:tuff":2,"create:raw_zinc":4,"evilcraft:flesh_humanoid":6,"nature_arise:fir_wood":64,"minecraft:lapis_lazuli":221,"minecraft:dirt":567,"minecraft:glass":50,"minecraft:bone":357,"botania:cyan_mystical_flower":3,"minecraft:bow":4,"obtrophies:trophy":2,"minecraft:wheat_seeds":81,"minecraft:deepslate_brick_slab":6,"minecraft:raw_gold":16,"botania:purple_mystical_flower":2,"vampirism:item_garlic":1,"twigs:twig":57,"minecraft:oak_planks":2,"botania:gray_mystical_flower":1,"nature_arise:fir_sapling":12,"evilcraft:dark_gem_crushed":59,"minecraft:sand":368,"botania:blue_petal":2,"evilcraft:sanguinary_pedestal_0":5,"minecraft:dead_bush":9,"minecraft:grass_block":8,"minecraft:spectral_arrow":2,"sons_of_sins:flesh_of_demise":2,"minecraft:mossy_cobblestone":3,"born_in_chaos_v1:fire_dust":2,"waystones:waystone":14,"minecraft:bone_meal":3,"minecraft:grass":15,"minecraft:golden_apple":17,"minecraft:emerald":7,"minecraft:netherrack":8,"born_in_chaos_v1:diamond_termite_shard":7,"regions_unexplored:mycotoxic_grass":2,"evilcraft:dark_power_gem":6,"minecraft:chicken":4,"evilcraft:undead_sapling":1,"minecraft:turtle_helmet":1,"minecraft:gold_block":5,"born_in_chaos_v1:decrepit_skeleton_spawn_egg":1,"minecraft:chain":1,"regions_unexplored:red_maple_leaf_pile":2,"ad_astra:sky_stone":1,"minecraft:stone_stairs":35,"minecraft:iron_axe":1,"graveyard:corruption":12,"evilcraft:promise_tier_3":1,"minecraft:spruce_trapdoor":6,"minecraft:phantom_membrane":2,"minecraft:raw_iron":327,"minecraft:copper_ingot":9,"minecraft:trident":3,"minecraft:arrow":227,"botania:lime_mystical_flower":1,"ars_elemental:fire_caster_tome":1,"regions_unexplored:maple_sapling":3,"evilcraft:obscured_glass":25,"born_in_chaos_v1:corpse_maggot":105,"minecraft:air":0,"regions_unexplored:hanging_prismarite":5,"minecraft:glow_ink_sac":7,"minecraft:leather":9,"minecraft:gunpowder":25,"botania:light_blue_mystical_flower":1,"botania:black_mystical_flower":2,"vampirism:human_heart":9,"minecraft:iron_ingot":77,"minecraft:cooked_chicken":1,"travelersbackpack:coal":1,"wom:agony":1,"minecraft:book":5,"epicsamurai:onyx":26,"evilcraft:undead_log":30,"alexsmobs:bear_dust":2,"minecraft:chiseled_stone_bricks":1,"minecraft:dandelion":18,"minecraft:lava_bucket":3,"minecraft:blast_furnace":1,"botania:white_petal":30,"majruszsdifficulty:bandage":11,"minecraft:spider_eye":29,"evilcraft:dark_tank":4,"nature_arise:fir_boat":2,"monsterplus:crystal_shard":8,"evilcraft:dark_gem":228,"graveyard:ghoul_spawn_egg":1,"minecraft:iron_helmet":3,"regions_unexplored:maple_log":49,"minecraft:mossy_cobblestone_stairs":1,"born_in_chaos_v1:maggot_spawn_egg":1,"minecraft:netherite_hoe":4,"majruszsdifficulty:tattered_chestplate":2,"minecraft:coal":253},"minecraft:crafted":{"botania:green_petal":4,"minecraft:smooth_stone":0,"botania:purple_petal":4,"connectedglass:clear_glass":56,"regions_unexplored:maple_planks":196,"evilcraft:hardened_blood_shard":0,"ironfurnaces:iron_furnace":1,"nature_arise:fir_sign":12,"connectedglass:borderless_glass":220,"minecraft:cooked_mutton":6,"botania:red_petal":2,"minecraft:glass":0,"vanillaplustools:iron_hammer":1,"evilcraft:blood_extractor":6,"galosphere:silver_ingot":0,"botania:light_gray_petal":6,"epicpaladins:steel_ingot":10,"evilcraft:undead_planks":108,"minecraft:emerald":2,"nature_arise:fir_planks":512,"minecraft:golden_pickaxe":1,"minecraft:copper_ingot":0,"waystones:warp_stone":1,"evilcraft:entangled_chalice":18,"evilcraft:obscured_glass":168,"epicfight:stray_hat":1,"twigs:cobblestone_bricks":56,"minecraft:iron_pickaxe":9,"minecraft:iron_block":24,"minecraft:gold_ingot":198,"epicfight:stray_pants":2,"evilcraft:spiked_plate":8,"l2complements:totemic_gold_ingot":2,"minecraft:iron_nugget":9,"comforts:sleeping_bag_white":1,"botania:blue_petal":8,"stalwart_dungeons:diamond_hammer":2,"minecraft:bone_meal":252,"minecraft:stone_stairs":56,"evilcraft:dark_block":8,"botania:black_petal":4,"born_in_chaos_v1:spiny_shell_armor_helmet":1,"minecraft:ladder":15,"botania:white_petal":370,"minecraft:stone_pickaxe":1,"botania:light_blue_petal":2,"minecraft:redstone_block":2,"minecraft:wheat":306,"minecraft:coal_block":20,"ironchest:gold_chest":1,"epicsamurai:katana_handle":1,"evilcraft:dark_tank":1,"epicfight:diamond_longsword":1,"ae2:fluix_glass_cable":1,"rpgsmw:steel":0,"minecraft:deepslate_brick_slab":120,"regions_unexplored:maple_boat":2,"minecraft:enchanted_book":1,"minecraft:orange_dye":13,"evilcraft:purifier":1,"ironchest:iron_to_gold_chest_upgrade":1,"minecraft:golden_apple":6,"evilcraft:blood_infuser":1,"minecraft:wooden_axe":1,"connectedglass:clear_glass_pane":160,"minecraft:stone":0,"botania:gray_petal":2,"minecraft:heavy_weighted_pressure_plate":8,"evilcraft:promise_tier_1":1,"minecraft:chest":11,"ironchest:wood_to_copper_chest_upgrade":1,"botania:cyan_petal":6,"minecraft:crafting_table":12,"minecraft:wooden_pickaxe":1,"nature_arise:fir_boat":1,"evilcraft:bowl_of_promises_empty":1,"minecraft:gold_block":12,"twigs:cobblestone_brick_stairs":8,"nature_arise:fir_fence_gate":3,"botania:lime_petal":2,"minecraft:iron_chestplate":1,"minecraft:yellow_dye":10,"minecraft:stick":184,"minecraft:iron_ingot":92,"minecraft:stone_sword":1,"botania:apothecary_default":2,"minecraft:deepslate_bricks":912,"minecraft:shears":1,"botania:brown_petal":10,"evilcraft:dark_spike":48,"epicsamurai:katana":1,"ironfurnaces:gold_furnace":1,"ad_astra:steel_ingot":1,"evilcraft:bowl_of_promises_dusted":1,"evilcraft:blood_chest":1,"minecraft:furnace":3,"minecraft:blast_furnace":1,"minecraft:flint_and_steel":1,"minecraft:polished_deepslate":1080,"evilcraft:sanguinary_pedestal_0":4,"nature_arise:fir_wood":192,"l2weaponry:totemic_gold_hammer":1,"minecraft:cooked_beef":4,"minecraft:red_dye":10,"botania:fertilizer":8,"minecraft:diamond_sword":1,"nature_arise:fir_fence":48,"evilcraft:blood_infusion_core":3,"botania:yellow_petal":4,"minecraft:iron_sword":1,"minecraft:bucket":3,"connectedglass:borderless_glass_pane":304,"minecraft:stone_axe":2,"minecraft:bread":103,"minecraft:air":0,"rpgsmw:paladin_diamond_armor_boots":1,"minecraft:white_wool":3,"minecraft:gold_nugget":9,"minecraft:andesite":128,"minecraft:lapis_block":3,"ironchest:iron_chest":2},"minecraft:killed":{"illagerinvasion:archivist":3,"vampirism:vampire":6,"minecraft:cave_spider":3,"epicsamurai:kawauso":1,"born_in_chaos_v1:restless_spirit":2,"born_in_chaos_v1:skeleton_demoman":3,"minecraft:zombie_horse":1,"born_in_chaos_v1:baby_skeleton_minion":5,"minecraft:skeleton":70,"vampirism:blinding_bat":3,"monsterplus:glow_skeleton":4,"minecraft:chicken":1,"vampirism:advanced_hunter":4,"creeperoverhaul:cave_creeper":2,"born_in_chaos_v1:supreme_bonescaller_stage_2":1,"minecraft:skeleton_horse":4,"alexsmobs:seal":5,"majruszsdifficulty:tank":1,"minecraft:zombie":303,"born_in_chaos_v1:corpse_fly":7,"minecraft:cow":6,"minecraft:evoker":2,"alexsmobs:raccoon":1,"minecraft:vindicator":3,"illagerinvasion:marauder":2,"born_in_chaos_v1:thornshell_crab":2,"enderzoology:enderminy":1,"goblintraders:goblin_trader":1,"minecraft:husk":3,"graveyard:ghoul":4,"born_in_chaos_v1:bone_imp_minion":7,"born_in_chaos_v1:decrepit_skeleton":7,"born_in_chaos_v1:zombie_clown":2,"alexsmobs:cosmic_cod":1,"minecraft:spider":10,"monsterplus:crystal_zombie":2,"born_in_chaos_v1:scarlet_persecutor":3,"enderzoology:infested_zombie":2,"illagerinvasion:provoker":1,"born_in_chaos_v1:baby_skeleton_2":2,"born_in_chaos_v1:firelight_not_despawn":2,"enderzoology:fallen_knight":1,"born_in_chaos_v1:bonescaller":1,"minecraft:pig":1,"alexsmobs:grizzly_bear":2,"born_in_chaos_v1:diamond_termite":8,"born_in_chaos_v1:wither_scuttler":2,"minecraft:creeper":11,"vampirism:hunter":34,"minecraft:sheep":3,"born_in_chaos_v1:dread_hound":6,"minecraft:stray":18,"alexsmobs:fly":2,"minecraft:vex":7,"graveyard:revenant":4,"born_in_chaos_v1:zombie_bruiser":1,"born_in_chaos_v1:maggot":81,"minecraft:phantom":2,"alexsmobs:blue_jay":1,"epicsamurai:tanuki":1,"born_in_chaos_v1:corpse_fish":11,"alexsmobs:bison":1,"minecraft:drowned":3,"cataclysm:lionfish":1,"born_in_chaos_v1:fallen_chaos_knight":1,"born_in_chaos_v1:baby_skeleton":3,"alexsmobs:skunk":1,"minecraft:bat":1,"enderzoology:concussion_creeper":2,"sons_of_sins:betrayed_guzzler":2,"alexsmobs:cockroach":2,"born_in_chaos_v1:bonescaller_not_despawn":2,"mutantmonsters:mutant_zombie":2,"born_in_chaos_v1:decaying_zombie_not_despawn":2},"minecraft:broken":{"epicfight:stray_pants":1,"minecraft:iron_boots":1,"minecraft:iron_chestplate":1,"minecraft:iron_leggings":1,"minecraft:diamond_leggings":1,"minecraft:iron_helmet":1,"minecraft:iron_shovel":1,"epicsamurai:straw_hat":1,"minecraft:leather_leggings":1,"born_in_chaos_v1:spiny_shell_armor_helmet":1,"minecraft:wooden_axe":1,"minecraft:diamond_chestplate":1,"minecraft:flint_and_steel":1,"rpgsmw:paladin_diamond_armor_boots":1,"minecraft:golden_pickaxe":1,"epicfight:stray_hat":1},"minecraft:dropped":{"minecraft:iron_sword":1,"minecraft:porkchop":2,"minecraft:lapis_lazuli":17,"minecraft:glow_ink_sac":6,"vampirism:human_heart":7,"evilcraft:promise_tier_3":1,"vampirism:item_tent":2,"travelersbackpack:iron_tier_upgrade":3,"born_in_chaos_v1:pieceofdarkmetal":1,"nature_arise:fir_boat":1,"regions_unexplored:maple_planks":99,"minecraft:leather_helmet":2,"minecraft:dirt":99,"minecraft:grass":12,"create:oak_window":1,"minecraft:chain":1,"minecraft:bone_meal":1,"nature_arise:fir_log":21,"minecraft:bone":65,"minecraft:stone_axe":2,"wom:agony":1,"alexsmobs:animal_dictionary":1,"minecraft:cobbled_deepslate":26,"minecraft:birch_sapling":43,"minecraft:deepslate_brick_slab":4,"minecraft:rotten_flesh":615,"evilcraft:flesh_humanoid":6,"stalwart_dungeons:diamond_hammer":3,"vampirism:vampire_fang":1,"regions_unexplored:hanging_prismarite":5,"create:limestone":4,"minecraft:ladder":1,"epicfight:glove":2,"chipped:classic_windowed_acacia_trapdoor":4,"minecraft:glass":3,"minecraft:beef":9,"nature_arise:topaz_shard":4,"ars_nouveau:wixie_shards":1,"minecraft:enchanted_book":5,"vampirism:item_garlic":1,"minecraft:iron_ingot":2,"born_in_chaos_v1:shattered_skull":2,"minecraft:wheat_seeds":61,"nature_arise:raw_aluminium":23,"vampirism:vampire_book":2,"minecraft:feather":2,"minecraft:iron_helmet":2,"minecraft:cobblestone":879,"minecraft:apple":24,"minecraft:golden_apple":16,"travelersbackpack:creeper":1,"minecraft:polished_andesite":6,"born_in_chaos_v1:gnawed_bones":1,"minecraft:diamond_helmet":1,"evilcraft:promise_efficiency_0":1,"minecraft:smooth_stone":1,"vampirism:ring":1,"minecraft:string":21,"twigs:opaline_seashell":1,"minecraft:spruce_sapling":1,"create:raw_zinc":4,"minecraft:zombie_spawn_egg":17,"minecraft:stone_sword":2,"born_in_chaos_v1:rotten_fish":13,"regions_unexplored:clover":2,"minecraft:potato":5,"botania:pure_daisy":4,"minecraft:stone":12,"connectedglass:clear_glass":4,"minecraft:spider_eye":10,"minecraft:bow":2,"ars_elemental:fire_caster_tome":1,"regions_unexplored:silt_dirt":25,"twigs:cobblestone_bricks":44,"epicfight:skillbook":49,"minecraft:moss_block":1,"minecraft:orange_dye":1,"minecraft:oak_log":2,"minecraft:baked_potato":1,"epicfight:diamond_longsword":1,"minecraft:leather":1,"alexsmobs:bison_fur":1,"paraglider:spirit_orb":2,"minecraft:cyan_terracotta":1,"nature_arise:fir_sapling":12,"botania:white_petal":12,"minecraft:birch_log":115,"twigs:twig":42,"minecraft:gravel":3,"born_in_chaos_v1:fire_dust":2,"born_in_chaos_v1:ethereal_spirit":2,"nature_arise:blueberries":1,"vampirism:holy_water_bottle_enhanced":1,"minecraft:stone_stairs":2,"minecraft:carrot":7,"patchouli:guide_book":1,"waystones:warp_stone":1,"ars_nouveau:sourceberry_bush":6,"minecraft:chiseled_stone_bricks":1,"travelersbackpack:gold_tier_upgrade":1,"supplementaries:ash":193,"born_in_chaos_v1:seedof_chaos":2,"minecraft:trident":2,"minecraft:gunpowder":8,"born_in_chaos_v1:corpse_maggot":71,"minecraft:arrow":30,"minecraft:netherrack":1,"minecraft:water_bucket":1,"minecraft:bread":19,"travelersbackpack:coal":1,"minecraft:diamond_leggings":2,"minecraft:spectral_arrow":1,"connectedglass:borderless_glass_pane":3,"evilcraft:dark_gem":13,"minecraft:grass_block":2,"minecraft:stick":3,"ars_nouveau:worn_notebook":1,"nature_arise:fir_sign":5,"evilcraft:blood_extractor":1,"minecraft:diorite":5,"minecraft:torch":9,"vampirism:enhanced_crossbow":1,"minecraft:bucket":4,"ars_nouveau:wilden_wing":1,"minecraft:dandelion":2,"minecraft:polished_deepslate":3,"alexsmobs:maggot":1,"vampirism:fire_place":1,"epicfight:uchigatana":3,"minecraft:wild_armor_trim_smithing_template":2,"vampirism:obi_belt":6,"epicsamurai:straw_hat":5,"create:warped_window":1,"travelersbackpack:diamond_tier_upgrade":2,"create:acacia_window_pane":1,"minecraft:deepslate_bricks":625,"regions_unexplored:maple_boat":1,"minecraft:gray_terracotta":1,"minecraft:diamond_chestplate":1,"minecraft:andesite":65,"minecraft:diamond_boots":1,"minecraft:stone_pickaxe":1,"minecraft:wooden_pickaxe":1,"extractinator:silt":1},"minecraft:killed_by":{"minecraft:zombie":3,"minecraft:vex":1,"born_in_chaos_v1:baby_skeleton_2":1,"born_in_chaos_v1:bonescaller":1,"creeperoverhaul:spruce_creeper":1,"minecraft:creeper":1,"minecraft:cave_spider":1,"minecraft:player":10,"minecraft:skeleton":1}},"DataVersion":3465}