{"stats":{"minecraft:custom":{"minecraft:interact_with_crafting_table":38,"minecraft:open_barrel":14,"goblintraders:trade_with_goblin":26,"minecraft:bell_ring":3,"minecraft:leave_game":25,"minecraft:time_since_death":336460,"minecraft:play_time":618243,"minecraft:deaths":15,"minecraft:jump":6931,"minecraft:enchant_item":2,"minecraft:interact_with_furnace":69,"minecraft:traded_with_villager":2,"minecraft:sleep_in_bed":2,"minecraft:waystone_activated":5,"minecraft:damage_dealt":131904,"minecraft:interact_with_smoker":1,"minecraft:inspect_dispenser":2,"minecraft:interact_with_smithing_table":7,"minecraft:interact_with_anvil":18,"minecraft:damage_dealt_absorbed":669,"minecraft:sneak_time":38836,"minecraft:interact_with_blast_furnace":11,"minecraft:total_world_time":618243,"vampirism:blood_drunk":4000,"minecraft:time_since_rest":90004,"minecraft:swim_one_cm":333624,"minecraft:fly_one_cm":3464832,"minecraft:open_chest":237,"minecraft:fall_one_cm":352919,"lootr:looted_stat":147,"minecraft:damage_resisted":149,"minecraft:sprint_one_cm":3034211,"minecraft:drop":308,"minecraft:talked_to_villager":24,"minecraft:interact_with_brewingstand":1,"minecraft:walk_on_water_one_cm":131574,"minecraft:player_kills":5,"minecraft:crouch_one_cm":328446,"minecraft:mob_kills":680,"minecraft:damage_dealt_resisted":8898,"minecraft:climb_one_cm":29432,"minecraft:walk_one_cm":2447768,"minecraft:strider_one_cm":41,"minecraft:walk_under_water_one_cm":119201,"minecraft:damage_taken":15751,"minecraft:damage_absorbed":9910},"minecraft:broken":{"minecraft:iron_boots":1,"minecraft:iron_chestplate":1,"minecraft:iron_leggings":1,"minecraft:iron_helmet":1,"minecraft:iron_shovel":1,"minecraft:leather_leggings":1,"born_in_chaos_v1:spiny_shell_armor_helmet":1,"minecraft:wooden_axe":1,"minecraft:flint_and_steel":1,"rpgsmw:paladin_diamond_armor_boots":1},"minecraft:used":{"botania:white_petal":122,"minecraft:poppy":1,"minecraft:chest":12,"minecraft:stone":75,"obtrophies:trophy":2,"lootr:trophy":4,"ironchest:iron_chest":1,"born_in_chaos_v1:smoked_flesh":1,"minecraft:birch_sapling":4,"born_in_chaos_v1:mint_candy":3,"minecraft:polished_andesite_stairs":1,"minecraft:netherite_hoe":28,"minecraft:bow":11,"minecraft:sweet_berries":16,"mutantmonsters:hulk_hammer":47,"minecraft:furnace":2,"minecraft:egg":4,"minecraft:spider_spawn_egg":1,"minecraft:wooden_pickaxe":4,"vampirism:human_heart":2,"minecraft:golden_apple":10,"minecraft:blast_furnace":2,"born_in_chaos_v1:holiday_candy":5,"cataclysm:lionfish":1,"minecraft:crying_obsidian":1,"born_in_chaos_v1:monster_flesh":2,"sons_of_sins:flesh_of_demise":2,"botania:pure_daisy":3,"minecraft:smithing_table":5,"minecraft:birch_log":24,"regions_unexplored:red_maple_sapling":6,"fishofthieves:leeches":1,"nature_arise:blueberries":16,"ironfurnaces:gold_furnace":2,"minecraft:enchanting_table":2,"minecraft:stone_sword":20,"travelersbackpack:bat":6,"minecraft:stick":4,"minecraft:torch":91,"minecraft:anvil":5,"minecraft:mossy_cobblestone_stairs":1,"botania:blue_mystical_flower":2,"stalwart_dungeons:diamond_hammer":1143,"minecraft:diamond_chestplate":1,"minecraft:gunpowder":3,"comforts:sleeping_bag_white":2,"minecraft:water_bucket":29,"minecraft:bundle":2,"minecraft:deepslate_bricks":270,"minecraft:gilded_blackstone":4,"minecraft:mossy_cobblestone":3,"minecraft:crafting_table":9,"minecraft:red_bed":1,"botania:apothecary_default":5,"born_in_chaos_v1:decrepit_skeleton_spawn_egg":1,"majruszsdifficulty:undead_army_treasure_bag":1,"minecraft:iron_pickaxe":58,"nature_arise:fir_fence_gate":3,"minecraft:cobblestone":273,"vanillaplustools:iron_hammer":499,"minecraft:cooked_porkchop":1,"epicfight:uchigatana":23,"minecraft:diamond_leggings":1,"regions_unexplored:silt_dirt":29,"minecraft:iron_shovel":250,"minecraft:polished_deepslate":169,"minecraft:iron_sword":54,"minecraft:grass":3,"paraglider:goddess_statue":4,"minecraft:tuff":2,"born_in_chaos_v1:corpse_maggot":2,"wom:agony":1104,"minecraft:glass":3,"vampirism:item_tent":1,"born_in_chaos_v1:baby_skeleton_minion_spawn_egg":1,"regions_unexplored:maple_sapling":3,"born_in_chaos_v1:gnawed_bones":1,"minecraft:stone_bricks":1,"connectedglass:borderless_glass_pane":203,"ars_nouveau:sourceberry_bush":53,"regions_unexplored:red_maple_leaf_pile":2,"epicfight:skillbook":73,"nature_arise:fir_fence":31,"fishofthieves:splashtail":1,"minecraft:stone_pickaxe":94,"minecraft:redstone_block":2,"twigs:cobblestone_brick_stairs":14,"minecraft:blue_bed":1,"minecraft:diamond_axe":278,"botania:fertilizer":8,"ironchest:copper_chest":2,"minecraft:shears":5,"waystones:waystone":2,"minecraft:firework_rocket":3,"minecraft:bread":29,"minecraft:string":1,"ironchest:iron_to_gold_chest_upgrade":1,"born_in_chaos_v1:rotten_fish":1,"born_in_chaos_v1:corpse_fish_spawn_egg":1,"minecraft:andesite":4,"minecraft:smooth_stone_slab":1,"epicfight:diamond_longsword":575,"regions_unexplored:maple_boat":1,"minecraft:bone_meal":190,"minecraft:golden_pickaxe":6,"minecraft:trident":62,"minecraft:flint_and_steel":64,"minecraft:cooked_chicken":1,"regions_unexplored:maple_planks":60,"fishofthieves:earthworms":1,"minecraft:dirt":120,"minecraft:wooden_axe":61,"minecraft:bookshelf":30,"epicfight:glove":18,"minecraft:iron_boots":1,"connectedglass:borderless_glass":8,"nature_arise:fir_planks":30,"ironchest:gold_chest":5,"minecraft:cooked_beef":4,"minecraft:enchanted_golden_apple":1,"minecraft:iron_leggings":1,"minecraft:cooked_mutton":6,"evilcraft:blood_infuser":1,"ironchest:wood_to_copper_chest_upgrade":1,"l2weaponry:totemic_gold_hammer":194,"minecraft:apple":76,"minecraft:stone_axe":17,"twigs:twig":10,"minecraft:lapis_block":3,"minecraft:bucket":35,"alexsmobs:animal_dictionary":1},"minecraft:crafted":{"botania:green_petal":4,"minecraft:smooth_stone":0,"botania:purple_petal":4,"regions_unexplored:maple_planks":196,"evilcraft:hardened_blood_shard":0,"ironfurnaces:iron_furnace":1,"connectedglass:borderless_glass":84,"minecraft:cooked_mutton":6,"botania:red_petal":2,"minecraft:glass":0,"vanillaplustools:iron_hammer":1,"evilcraft:blood_extractor":6,"galosphere:silver_ingot":0,"botania:light_gray_petal":6,"minecraft:emerald":2,"nature_arise:fir_planks":512,"minecraft:golden_pickaxe":1,"minecraft:copper_ingot":0,"waystones:warp_stone":1,"twigs:cobblestone_bricks":56,"minecraft:iron_pickaxe":9,"minecraft:gold_ingot":180,"l2complements:totemic_gold_ingot":2,"comforts:sleeping_bag_white":1,"botania:blue_petal":8,"stalwart_dungeons:diamond_hammer":1,"minecraft:bone_meal":252,"evilcraft:dark_block":2,"botania:black_petal":4,"born_in_chaos_v1:spiny_shell_armor_helmet":1,"botania:white_petal":370,"minecraft:stone_pickaxe":1,"botania:light_blue_petal":2,"minecraft:redstone_block":2,"minecraft:wheat":72,"minecraft:coal_block":20,"ironchest:gold_chest":1,"evilcraft:dark_tank":1,"epicfight:diamond_longsword":1,"regions_unexplored:maple_boat":2,"minecraft:orange_dye":13,"ironchest:iron_to_gold_chest_upgrade":1,"minecraft:golden_apple":6,"evilcraft:blood_infuser":1,"minecraft:wooden_axe":1,"minecraft:stone":0,"botania:gray_petal":2,"minecraft:chest":11,"ironchest:wood_to_copper_chest_upgrade":1,"botania:cyan_petal":6,"minecraft:crafting_table":12,"minecraft:wooden_pickaxe":1,"minecraft:gold_block":12,"twigs:cobblestone_brick_stairs":8,"botania:lime_petal":2,"nature_arise:fir_fence_gate":3,"minecraft:yellow_dye":10,"minecraft:iron_chestplate":1,"minecraft:stick":148,"minecraft:iron_ingot":58,"minecraft:stone_sword":1,"botania:apothecary_default":2,"minecraft:deepslate_bricks":256,"minecraft:shears":1,"botania:brown_petal":10,"evilcraft:dark_spike":32,"ironfurnaces:gold_furnace":1,"minecraft:furnace":3,"minecraft:blast_furnace":1,"minecraft:flint_and_steel":1,"minecraft:polished_deepslate":608,"nature_arise:fir_wood":192,"l2weaponry:totemic_gold_hammer":1,"minecraft:cooked_beef":4,"minecraft:red_dye":10,"botania:fertilizer":8,"minecraft:diamond_sword":1,"nature_arise:fir_fence":48,"evilcraft:blood_infusion_core":1,"botania:yellow_petal":4,"minecraft:iron_sword":1,"connectedglass:borderless_glass_pane":208,"minecraft:bucket":2,"minecraft:stone_axe":2,"minecraft:bread":25,"minecraft:air":0,"rpgsmw:paladin_diamond_armor_boots":1,"minecraft:white_wool":3,"minecraft:lapis_block":3,"ironchest:iron_chest":2},"minecraft:dropped":{"minecraft:iron_sword":1,"minecraft:porkchop":2,"minecraft:lapis_lazuli":2,"vampirism:human_heart":7,"minecraft:glow_ink_sac":6,"travelersbackpack:iron_tier_upgrade":3,"vampirism:item_tent":2,"born_in_chaos_v1:pieceofdarkmetal":1,"minecraft:leather_helmet":2,"regions_unexplored:maple_planks":99,"minecraft:dirt":58,"minecraft:grass":12,"minecraft:chain":1,"minecraft:bone_meal":1,"nature_arise:fir_log":21,"minecraft:bone":53,"minecraft:stone_axe":2,"wom:agony":1,"alexsmobs:animal_dictionary":1,"minecraft:cobbled_deepslate":2,"minecraft:birch_sapling":39,"minecraft:rotten_flesh":372,"evilcraft:flesh_humanoid":4,"stalwart_dungeons:diamond_hammer":2,"regions_unexplored:hanging_prismarite":5,"epicfight:glove":2,"minecraft:beef":9,"nature_arise:topaz_shard":4,"ars_nouveau:wixie_shards":1,"vampirism:item_garlic":1,"minecraft:enchanted_book":5,"born_in_chaos_v1:shattered_skull":2,"minecraft:wheat_seeds":58,"nature_arise:raw_aluminium":23,"vampirism:vampire_book":2,"minecraft:feather":2,"minecraft:iron_helmet":2,"minecraft:cobblestone":172,"minecraft:apple":24,"minecraft:golden_apple":6,"minecraft:polished_andesite":6,"born_in_chaos_v1:gnawed_bones":1,"minecraft:smooth_stone":1,"vampirism:ring":1,"minecraft:string":11,"twigs:opaline_seashell":1,"minecraft:spruce_sapling":1,"create:raw_zinc":2,"minecraft:stone_sword":2,"born_in_chaos_v1:rotten_fish":12,"regions_unexplored:clover":2,"minecraft:potato":5,"minecraft:stone":7,"minecraft:spider_eye":10,"minecraft:bow":2,"ars_elemental:fire_caster_tome":1,"regions_unexplored:silt_dirt":25,"twigs:cobblestone_bricks":44,"epicfight:skillbook":31,"minecraft:moss_block":1,"minecraft:orange_dye":1,"minecraft:oak_log":2,"epicfight:diamond_longsword":1,"minecraft:leather":1,"alexsmobs:bison_fur":1,"minecraft:cyan_terracotta":1,"nature_arise:fir_sapling":12,"botania:white_petal":12,"minecraft:birch_log":110,"twigs:twig":39,"born_in_chaos_v1:fire_dust":2,"born_in_chaos_v1:ethereal_spirit":2,"vampirism:holy_water_bottle_enhanced":1,"nature_arise:blueberries":1,"minecraft:carrot":3,"patchouli:guide_book":1,"ars_nouveau:sourceberry_bush":6,"minecraft:chiseled_stone_bricks":1,"travelersbackpack:gold_tier_upgrade":1,"supplementaries:ash":9,"born_in_chaos_v1:seedof_chaos":2,"minecraft:trident":2,"minecraft:gunpowder":7,"born_in_chaos_v1:corpse_maggot":22,"minecraft:arrow":28,"minecraft:water_bucket":1,"minecraft:diamond_leggings":1,"minecraft:spectral_arrow":1,"evilcraft:dark_gem":1,"minecraft:stick":3,"ars_nouveau:worn_notebook":1,"minecraft:diorite":5,"minecraft:torch":9,"vampirism:enhanced_crossbow":1,"ars_nouveau:wilden_wing":1,"minecraft:dandelion":2,"vampirism:fire_place":1,"epicfight:uchigatana":3,"minecraft:wild_armor_trim_smithing_template":2,"vampirism:obi_belt":6,"epicsamurai:straw_hat":5,"travelersbackpack:diamond_tier_upgrade":2,"regions_unexplored:maple_boat":1,"minecraft:gray_terracotta":1,"minecraft:diamond_chestplate":1,"minecraft:andesite":1,"minecraft:stone_pickaxe":1,"minecraft:wooden_pickaxe":1},"minecraft:mined":{"botania:red_mystical_flower":1,"epicpaladins:cryorium_ore":3,"minecraft:granite":1,"botania:livingwood_log":24,"epicsamurai:silver_ore":1,"minecraft:deepslate_bricks":21,"ironchest:copper_chest":2,"minecraft:chiseled_stone_bricks":1,"minecraft:spawner":38,"minecraft:tall_seagrass":2,"epicsamurai:deepslate_jade_ore":2,"regions_unexplored:stone_bud":1,"minecraft:mossy_cobblestone_stairs":1,"ironchest:gold_chest":4,"minecraft:deepslate_lapis_ore":13,"nature_arise:aluminium_ore":10,"botania:brown_mystical_flower":3,"create:veridium":1,"botania:light_blue_mystical_flower":1,"regions_unexplored:silt_grass_block":5,"botania:green_mystical_flower":2,"minecraft:brown_mushroom":1,"minecraft:red_bed":1,"minecraft:torch":6,"minecraft:blast_furnace":1,"minecraft:polished_andesite_stairs":3,"galosphere:silver_ore":18,"minecraft:glass":3,"botania:black_mystical_flower":2,"minecraft:birch_sapling":1,"minecraft:grass":41,"regions_unexplored:clover":1,"twigs:cobblestone_brick_stairs":10,"epicpaladins:arclight_ore":1,"minecraft:deepslate":780,"evilcraft:hardened_blood":1,"create:zinc_ore":1,"minecraft:yellow_terracotta":1,"connectedglass:borderless_glass_pane":15,"minecraft:mossy_cobblestone":3,"epicsamurai:deepslate_onyx_ore":3,"farmersdelight:wild_carrots":1,"diagonalfences:nature_arise/fir_fence":4,"minecraft:moss_block":1,"nature_arise:budding_topaz":1,"born_in_chaos_v1:gnawed_bones":1,"obtrophies:trophy":1,"minecraft:redstone_ore":1,"minecraft:green_terracotta":1,"minecraft:andesite":5,"twigs:opaline_seashell":1,"regions_unexplored:felicia_daisy":1,"minecraft:smithing_table":1,"botania:lime_mystical_flower":1,"galosphere:deepslate_silver_ore":13,"minecraft:dandelion":5,"regions_unexplored:silt_dirt":8,"minecraft:tall_grass":15,"minecraft:copper_ore":8,"minecraft:deepslate_gold_ore":4,"nature_arise:blueberry_bush":4,"minecraft:diorite":2,"epicpaladins:bloodstone_ore":6,"minecraft:birch_leaves":17,"botania:white_mystical_flower":3,"vampirism:fire_place":1,"minecraft:gravel":1,"botania:gray_mystical_flower":1,"minecraft:cobweb":1,"minecraft:stone_bricks":2,"minecraft:gold_ore":1,"minecraft:fern":4,"minecraft:spruce_planks":1,"connectedglass:borderless_glass":6,"regions_unexplored:maple_log":62,"minecraft:brewing_stand":1,"regions_unexplored:hanging_prismarite":1,"minecraft:grass_block":251,"twigs:twig":5,"ars_nouveau:sourceberry_bush":20,"minecraft:gilded_blackstone":4,"botania:apothecary_default":3,"ironfurnaces:gold_furnace":1,"minecraft:iron_ore":106,"minecraft:anvil":1,"vampirism:tent":2,"epicsamurai:deepslate_silver_ore":5,"minecraft:deepslate_redstone_ore":3,"minecraft:cyan_terracotta":1,"minecraft:poppy":3,"minecraft:chest":7,"minecraft:cobblestone":47,"botania:blue_mystical_flower":4,"minecraft:wall_torch":8,"minecraft:stone_stairs":1,"minecraft:seagrass":3,"lootr:trophy":3,"minecraft:birch_log":129,"evilcraft:dark_ore_deepslate":9,"epicsamurai:aquamarine_ore":8,"epicpaladins:deepslate_cryorium_ore":19,"minecraft:smooth_stone_slab":7,"minecraft:oak_log":69,"minecraft:sand":219,"minecraft:dirt":105,"minecraft:oak_leaves":27,"minecraft:red_carpet":1,"minecraft:crying_obsidian":1,"minecraft:tuff":3,"born_in_chaos_v1:infected_diamond_ore":3,"minecraft:spruce_leaves":1,"minecraft:large_fern":6,"minecraft:hay_block":8,"epicsamurai:onyx_ore":2,"minecraft:furnace":1,"evilcraft:dark_ore":12,"supplementaries:gunpowder":1,"minecraft:gold_block":3,"minecraft:polished_deepslate":2,"minecraft:deepslate_iron_ore":32,"botania:livingrock":48,"regions_unexplored:medium_grass":2,"minecraft:stone":768,"botania:white_buried_petals":4,"born_in_chaos_v1:marigolds":13,"vampirism:tent_main":1,"minecraft:crafting_table":4,"botania:white_double_flower":89,"minecraft:blue_bed":1,"supplementaries:urn":13,"botania:cyan_mystical_flower":2,"rpgsmw:mineral_ore":1,"minecraft:sweet_berry_bush":6,"regions_unexplored:red_maple_leaf_pile":1,"minecraft:coal_ore":112,"botania:yellow_mystical_flower":1,"evilcraft:blood_stain":3,"nature_arise:topaz_cluster":2,"minecraft:polished_andesite":8,"paraglider:goddess_statue":4},"minecraft:picked_up":{"minecraft:anvil":1,"regions_unexplored:silt_dirt":54,"minecraft:smithing_table":1,"minecraft:enchanted_book":9,"nature_arise:topaz_shard":4,"minecraft:stray_spawn_egg":1,"minecraft:brewing_stand":2,"minecraft:polished_deepslate":186,"connectedglass:borderless_glass_pane":86,"paraglider:goddess_statue":4,"minecraft:string":34,"vampirism:obi_belt":6,"minecraft:diamond_leggings":1,"minecraft:cobbled_deepslate":882,"bosses_of_mass_destruction:soul_star":8,"minecraft:coal_block":12,"born_in_chaos_v1:shattered_skull":3,"nature_arise:raw_aluminium":24,"ironchest:gold_chest":4,"vampirism:enhanced_crossbow":1,"minecraft:golden_chestplate":1,"minecraft:green_terracotta":1,"botania:white_mystical_flower":3,"monsterplus:crystal_clump":6,"minecraft:stone_sword":1,"botania:livingrock":72,"minecraft:red_tulip":4,"minecraft:cyan_terracotta":1,"farmersdelight:rope":20,"botania:livingwood_log":18,"ars_nouveau:sourceberry_bush":39,"supplementaries:ash":43,"minecraft:birch_log":134,"minecraft:feather":5,"minecraft:water_bucket":1,"nature_arise:fir_fence":25,"ironchest:copper_chest":2,"alexsmobs:bison_fur":1,"minecraft:flint":1,"travelersbackpack:gold_tier_upgrade":1,"lootr:trophy":3,"botania:white_double_flower":90,"born_in_chaos_v1:marigolds":13,"minecraft:gray_terracotta":1,"minecraft:diamond_helmet":2,"minecraft:glowstone_dust":3,"galosphere:raw_silver":49,"minecraft:moss_block":30,"epicsamurai:raw_silver":20,"botania:red_mystical_flower":1,"vampirism:ring":1,"epicsamurai:straw_hat":6,"cataclysm:lionfish":1,"minecraft:polished_andesite":7,"born_in_chaos_v1:bone_imp_minion_spawn_egg":1,"regions_unexplored:clover":2,"alexsmobs:maggot":6,"born_in_chaos_v1:rotten_fish":13,"botania:gray_petal":2,"minecraft:crafting_table":11,"born_in_chaos_v1:seedof_chaos":6,"regions_unexplored:maple_boat":1,"born_in_chaos_v1:corpse_fish_spawn_egg":1,"minecraft:spider_spawn_egg":2,"epicfight:stray_pants":1,"minecraft:cornflower":1,"minecraft:red_bed":1,"epicsamurai:jade":10,"born_in_chaos_v1:intoxicating_decoction":6,"twigs:opaline_seashell":1,"botania:pure_daisy":3,"minecraft:beef":33,"born_in_chaos_v1:gnawed_bones":2,"minecraft:poppy":18,"minecraft:chest":7,"minecraft:birch_sapling":46,"minecraft:egg":4,"minecraft:stone":7,"evilcraft:hardened_blood":1,"born_in_chaos_v1:pieceofdarkmetal":9,"minecraft:carrot":5,"minecraft:redstone":23,"minecraft:diamond_chestplate":1,"ironfurnaces:gold_furnace":1,"botania:apothecary_default":3,"majruszsdifficulty:soul_jar":1,"minecraft:deepslate_bricks":28,"minecraft:hay_block":8,"botania:blue_mystical_flower":6,"born_in_chaos_v1:spiny_shell":5,"minecraft:totem_of_undying":1,"botania:green_mystical_flower":2,"minecraft:mutton":6,"minecraft:white_wool":3,"born_in_chaos_v1:monster_flesh":2,"vampirism:item_tent":3,"majruszsdifficulty:tattered_helmet":4,"majruszsdifficulty:cloth":11,"nature_arise:blueberries":16,"ars_nouveau:wilden_wing":1,"waystones:sandy_waystone":2,"minecraft:oak_log":114,"stalwart_dungeons:diamond_hammer":2,"regions_unexplored:red_maple_sapling":6,"born_in_chaos_v1:baby_skeleton_minion_spawn_egg":1,"minecraft:blue_bed":1,"minecraft:spawner":5,"minecraft:apple":6,"minecraft:stone_bricks":1,"alexsmobs:cockroach_wing_fragment":3,"majruszsdifficulty:tattered_leggings":2,"minecraft:wild_armor_trim_smithing_template":2,"born_in_chaos_v1:wither_scuttler_spawn_egg":1,"twigs:cobblestone_brick_stairs":14,"epicsamurai:aquamarine":16,"minecraft:iron_sword":1,"minecraft:polished_andesite_stairs":2,"minecraft:sweet_berries":12,"vampirism:fire_place":1,"born_in_chaos_v1:orbofthe_summoner":1,"born_in_chaos_v1:ethereal_spirit":8,"epicfight:uchigatana":2,"minecraft:spruce_sapling":1,"minecraft:crying_obsidian":1,"minecraft:leather_helmet":2,"epicfight:diamond_longsword":1,"botania:brown_mystical_flower":5,"minecraft:ender_pearl":5,"nature_arise:fir_planks":259,"travelersbackpack:bat":1,"regions_unexplored:maple_planks":35,"minecraft:gilded_blackstone":4,"minecraft:raw_copper":113,"minecraft:smooth_stone_slab":6,"epicpaladins:bloodstone_gem":13,"minecraft:sea_pickle":1,"minecraft:smooth_stone":1,"comforts:sleeping_bag_white":3,"enderzoology:ender_fragment":12,"rpgsmw:redarium":2,"minecraft:furnace":1,"minecraft:stick":18,"minecraft:tipped_arrow":9,"nature_arise:fir_log":85,"epicpaladins:arclight_gem":1,"minecraft:torch":34,"botania:yellow_mystical_flower":2,"travelersbackpack:iron_tier_upgrade":4,"travelersbackpack:diamond_tier_upgrade":2,"epicfight:skillbook":48,"minecraft:porkchop":2,"vampirism:holy_water_bottle_enhanced":1,"minecraft:diorite":5,"mutantmonsters:hulk_hammer":4,"minecraft:rotten_flesh":1052,"epicpaladins:cryorium_gem":104,"botania:light_gray_mystical_flower":3,"minecraft:cobblestone":774,"relics:roller_skates":1,"vampirism:vampire_book":2,"minecraft:leather_chestplate":1,"minecraft:andesite":5,"minecraft:potato":11,"alexsmobs:bear_fur":8,"paraglider:spirit_orb":76,"create:raw_zinc":2,"minecraft:tuff":2,"evilcraft:flesh_humanoid":4,"minecraft:lapis_lazuli":206,"nature_arise:fir_wood":64,"minecraft:dirt":449,"minecraft:glass":50,"minecraft:bone":316,"botania:cyan_mystical_flower":3,"minecraft:bow":4,"obtrophies:trophy":2,"minecraft:wheat_seeds":78,"minecraft:raw_gold":16,"botania:purple_mystical_flower":2,"vampirism:item_garlic":1,"twigs:twig":49,"minecraft:oak_planks":2,"botania:gray_mystical_flower":1,"nature_arise:fir_sapling":12,"evilcraft:dark_gem_crushed":55,"minecraft:sand":218,"botania:blue_petal":2,"minecraft:spectral_arrow":2,"sons_of_sins:flesh_of_demise":2,"minecraft:mossy_cobblestone":3,"born_in_chaos_v1:fire_dust":2,"waystones:waystone":12,"minecraft:bone_meal":2,"minecraft:grass":15,"minecraft:golden_apple":7,"minecraft:emerald":7,"born_in_chaos_v1:diamond_termite_shard":6,"minecraft:chicken":4,"evilcraft:dark_power_gem":1,"minecraft:turtle_helmet":1,"minecraft:gold_block":3,"born_in_chaos_v1:decrepit_skeleton_spawn_egg":1,"minecraft:chain":1,"regions_unexplored:red_maple_leaf_pile":2,"minecraft:iron_axe":1,"graveyard:corruption":12,"minecraft:spruce_trapdoor":6,"minecraft:phantom_membrane":2,"minecraft:raw_iron":311,"minecraft:copper_ingot":9,"minecraft:trident":3,"minecraft:arrow":199,"botania:lime_mystical_flower":1,"ars_elemental:fire_caster_tome":1,"regions_unexplored:maple_sapling":3,"born_in_chaos_v1:corpse_maggot":38,"minecraft:air":0,"regions_unexplored:hanging_prismarite":5,"minecraft:glow_ink_sac":7,"minecraft:leather":9,"minecraft:gunpowder":23,"botania:light_blue_mystical_flower":1,"botania:black_mystical_flower":2,"vampirism:human_heart":9,"minecraft:iron_ingot":73,"minecraft:cooked_chicken":1,"wom:agony":1,"minecraft:book":5,"epicsamurai:onyx":26,"alexsmobs:bear_dust":2,"minecraft:chiseled_stone_bricks":1,"minecraft:dandelion":17,"minecraft:lava_bucket":1,"minecraft:blast_furnace":1,"majruszsdifficulty:bandage":11,"botania:white_petal":30,"minecraft:spider_eye":29,"monsterplus:crystal_shard":8,"evilcraft:dark_gem":209,"minecraft:iron_helmet":3,"regions_unexplored:maple_log":49,"minecraft:mossy_cobblestone_stairs":1,"minecraft:netherite_hoe":4,"majruszsdifficulty:tattered_chestplate":2,"minecraft:coal":225},"minecraft:killed_by":{"minecraft:zombie":3,"minecraft:vex":1,"born_in_chaos_v1:baby_skeleton_2":1,"born_in_chaos_v1:bonescaller":1,"creeperoverhaul:spruce_creeper":1,"minecraft:creeper":1,"minecraft:cave_spider":1,"minecraft:player":4,"minecraft:skeleton":1},"minecraft:killed":{"illagerinvasion:archivist":3,"vampirism:vampire":5,"minecraft:cave_spider":3,"born_in_chaos_v1:restless_spirit":2,"epicsamurai:kawauso":1,"born_in_chaos_v1:skeleton_demoman":1,"minecraft:zombie_horse":1,"born_in_chaos_v1:baby_skeleton_minion":5,"vampirism:blinding_bat":3,"minecraft:skeleton":65,"monsterplus:glow_skeleton":4,"minecraft:chicken":1,"vampirism:advanced_hunter":4,"creeperoverhaul:cave_creeper":2,"born_in_chaos_v1:supreme_bonescaller_stage_2":1,"minecraft:skeleton_horse":4,"alexsmobs:seal":5,"majruszsdifficulty:tank":1,"minecraft:zombie":288,"born_in_chaos_v1:corpse_fly":6,"minecraft:cow":6,"minecraft:evoker":2,"alexsmobs:raccoon":1,"minecraft:vindicator":3,"illagerinvasion:marauder":2,"born_in_chaos_v1:thornshell_crab":2,"enderzoology:enderminy":1,"goblintraders:goblin_trader":1,"minecraft:husk":3,"graveyard:ghoul":1,"born_in_chaos_v1:bone_imp_minion":7,"born_in_chaos_v1:decrepit_skeleton":5,"born_in_chaos_v1:zombie_clown":2,"minecraft:spider":10,"monsterplus:crystal_zombie":2,"born_in_chaos_v1:scarlet_persecutor":3,"enderzoology:infested_zombie":2,"illagerinvasion:provoker":1,"born_in_chaos_v1:baby_skeleton_2":2,"born_in_chaos_v1:firelight_not_despawn":2,"enderzoology:fallen_knight":1,"born_in_chaos_v1:bonescaller":1,"minecraft:pig":1,"alexsmobs:grizzly_bear":2,"born_in_chaos_v1:diamond_termite":7,"born_in_chaos_v1:wither_scuttler":2,"minecraft:creeper":11,"vampirism:hunter":34,"minecraft:sheep":3,"born_in_chaos_v1:dread_hound":6,"minecraft:stray":9,"alexsmobs:fly":1,"minecraft:vex":7,"graveyard:revenant":4,"born_in_chaos_v1:zombie_bruiser":1,"born_in_chaos_v1:maggot":62,"minecraft:phantom":2,"alexsmobs:blue_jay":1,"epicsamurai:tanuki":1,"born_in_chaos_v1:corpse_fish":10,"alexsmobs:bison":1,"minecraft:drowned":3,"cataclysm:lionfish":1,"born_in_chaos_v1:fallen_chaos_knight":1,"alexsmobs:skunk":1,"born_in_chaos_v1:baby_skeleton":2,"minecraft:bat":1,"enderzoology:concussion_creeper":2,"sons_of_sins:betrayed_guzzler":2,"alexsmobs:cockroach":2,"born_in_chaos_v1:bonescaller_not_despawn":2,"mutantmonsters:mutant_zombie":2,"born_in_chaos_v1:decaying_zombie_not_despawn":2}},"DataVersion":3465}