{"stats":{"minecraft:mined":{"minecraft:pink_bed":1,"minecraft:mossy_cobblestone":1,"tetra:scroll_rolled":2,"valhelsia_structures:cracked_big_glazed_jar_top":1,"minecraft:crafting_table":2,"minecraft:torch":2,"minecraft:grass_block":4,"minecraft:moss_block":1,"minecraft:wall_torch":6,"minecraft:spawner":1,"minecraft:spruce_stairs":1,"valhelsia_structures:cracked_big_glazed_jar":1,"minecraft:ice":6,"minecraft:spruce_log":4,"biomesoplenty:fir_log":12,"minecraft:grass":3,"minecraft:oak_log":5,"minecraft:dirt":9,"minecraft:packed_ice":11,"tetra:scroll_wall":4,"minecraft:stone":16,"pots_and_mimics:treasure_pot":3,"minecraft:oak_leaves":1,"minecraft:fern":2},"minecraft:used":{"minecraft:knowledge_book":156,"epicfight:skillbook":3,"minecraft:stone_sword":22,"minecraft:stone_pickaxe":16,"minecraft:wooden_pickaxe":6,"minecraft:torch":11,"minecraft:dirt":4,"minecraft:crafting_table":2,"alexsmobs:moose_ribs":3,"minecraft:spruce_stairs":1,"tetra:scroll_rolled":7,"minecraft:cod":4,"minecraft:oak_log":2,"minecraft:wooden_axe":22,"minecraft:bread":8,"minecraft:stone_axe":6,"minecraft:pink_bed":1,"minecraft:oak_sapling":1,"minecraft:bucket":1,"minecraft:ice":1,"alexsmobs:animal_dictionary":1,"minecraft:bone_meal":5,"minecraft:beetroot_soup":1},"minecraft:killed_by":{"pots_and_mimics:pot_crab":2,"alexsmobs:moose":2},"minecraft:custom":{"lootr:looted_stat":4,"minecraft:mob_kills":12,"minecraft:interact_with_crafting_table":5,"minecraft:open_barrel":2,"minecraft:damage_dealt_resisted":10,"minecraft:leave_game":7,"minecraft:time_since_death":467,"minecraft:climb_one_cm":2217,"minecraft:damage_resisted":73,"minecraft:time_since_rest":493,"minecraft:sprint_one_cm":152894,"minecraft:damage_taken":2192,"minecraft:walk_one_cm":214853,"minecraft:drop":59,"minecraft:damage_dealt":1406,"minecraft:damage_dealt_absorbed":18,"minecraft:swim_one_cm":16565,"minecraft:fly_one_cm":1400332,"minecraft:crouch_one_cm":13639,"minecraft:play_time":79045,"minecraft:deaths":5,"minecraft:sneak_time":2779,"minecraft:walk_under_water_one_cm":27070,"minecraft:jump":1036,"minecraft:walk_on_water_one_cm":37093,"minecraft:total_world_time":79045,"minecraft:fall_one_cm":18135},"minecraft:killed":{"pots_and_mimics:pot_crab":1,"minecraft:spider":7,"gnumus:marsupial_mousse":1,"alexsmobs:cockroach":1,"alexsmobs:moose":1},"minecraft:broken":{"minecraft:wooden_axe":1},"minecraft:crafted":{"minecraft:oak_planks":128,"minecraft:crafting_table":1,"minecraft:spruce_planks":16,"minecraft:wooden_pickaxe":1,"minecraft:stone_axe":1,"minecraft:stick":4,"minecraft:stone_pickaxe":1,"minecraft:wooden_axe":1,"minecraft:stone_sword":1},"minecraft:dropped":{"biomesoplenty:fir_log":42,"minecraft:moss_block":1,"tetra:scroll_rolled":2,"minecraft:wheat_seeds":4,"minecraft:oak_log":38,"alexsmobs:animal_dictionary":1,"minecraft:mossy_cobblestone":1,"minecraft:bowl":1,"farmersdelight:cabbage_seeds":3,"minecraft:rotten_flesh":5,"minecraft:knowledge_book":15,"minecraft:oak_planks":165,"minecraft:spruce_stairs":1,"evilcraft:flesh_humanoid":2,"botania:manasteel_ingot":1,"gnumus:mouse_skin":1,"swem:jump_xp_potion":1,"patchouli:guide_book":2,"biomesoplenty:fir_sapling":21,"minecraft:stick":22,"minecraft:dirt":9,"minecraft:gunpowder":11,"minecraft:ice":1,"minecraft:oak_sapling":3,"farmersdelight:rope":2,"irons_spellbooks:arcane_essence":9,"minecraft:spider_eye":3,"minecraft:wooden_pickaxe":1,"minecraft:fishing_rod":1,"minecraft:music_disc_cat":1,"epicfight:skillbook":1,"minecraft:redstone":1,"quark:ancient_tome":1},"minecraft:picked_up":{"minecraft:crafting_table":2,"minecraft:enchanted_book":2,"biomesoplenty:fir_sapling":22,"biomesoplenty:fir_log":106,"paraglider:spirit_orb":2,"evilcraft:flesh_humanoid":2,"minecraft:knowledge_book":3,"minecraft:oak_log":43,"minecraft:dirt":13,"minecraft:string":5,"tetra:scroll_rolled":7,"minecraft:wheat_seeds":4,"minecraft:moss_block":1,"minecraft:oak_planks":110,"minecraft:pink_bed":1,"minecraft:stick":36,"minecraft:raw_iron":2,"minecraft:torch":8,"minecraft:spruce_stairs":2,"minecraft:spruce_log":4,"minecraft:spider_eye":3,"minecraft:mossy_cobblestone":1,"alexsmobs:moose_ribs":3,"minecraft:oak_sapling":3,"gnumus:mouse_skin":1,"minecraft:cobblestone":22}},"DataVersion":3465}