{"stats":{"minecraft:dropped":{"minecraft:iron_chestplate":1,"minecraft:iron_helmet":1,"minecraft:iron_leggings":1,"gravestone:obituary":6,"minecraft:oak_planks":7,"minecraft:iron_boots":1,"minecraft:wooden_pickaxe":1},"minecraft:killed_by":{"minecraft:skeleton":2},"minecraft:used":{"minecraft:iron_hoe":4,"minecraft:apple":1,"minecraft:iron_axe":20,"minecraft:iron_pickaxe":32,"minecraft:iron_helmet":1,"minecraft:wooden_pickaxe":3,"minecraft:iron_boots":1,"minecraft:iron_chestplate":1,"minecraft:crafting_table":1,"minecraft:oak_sapling":1,"minecraft:iron_leggings":1},"minecraft:killed":{"minecraft:pig":3},"minecraft:picked_up":{"minecraft:stick":10,"minecraft:iron_chestplate":1,"minecraft:wooden_pickaxe":1,"minecraft:porkchop":6,"minecraft:oak_log":116,"gravestone:obituary":2,"minecraft:iron_leggings":1,"minecraft:apple":2,"minecraft:iron_helmet":1,"minecraft:oak_sapling":24,"minecraft:cobblestone":34,"minecraft:iron_boots":1},"minecraft:crafted":{"minecraft:oak_planks":208,"minecraft:crafting_table":1,"minecraft:stick":4,"minecraft:wooden_pickaxe":1,"minecraft:stone_pickaxe":1},"minecraft:mined":{"minecraft:oak_sapling":1,"gravestone:gravestone":1,"minecraft:grass":8,"minecraft:oak_log":4,"minecraft:stone":35},"minecraft:custom":{"minecraft:time_since_rest":5477,"minecraft:sprint_one_cm":24433,"minecraft:damage_taken":1305,"minecraft:walk_one_cm":10525,"minecraft:mob_kills":3,"minecraft:drop":12,"minecraft:damage_dealt":320,"minecraft:interact_with_crafting_table":2,"minecraft:fly_one_cm":58970,"minecraft:crouch_one_cm":3916,"minecraft:play_time":9086,"minecraft:deaths":4,"minecraft:sneak_time":1262,"minecraft:jump":191,"minecraft:leave_game":2,"minecraft:time_since_death":5446,"minecraft:walk_on_water_one_cm":445,"minecraft:total_world_time":9086,"minecraft:fall_one_cm":16520}},"DataVersion":3465}