{"stats":{"minecraft:dropped":{"minecraft:wheat_seeds":1,"minecraft:ice":1,"minecraft:oak_log":1,"alexsmobs:animal_dictionary":1,"minecraft:bowl":1,"minecraft:oak_sapling":3,"minecraft:knowledge_book":6,"minecraft:spruce_stairs":1,"minecraft:fishing_rod":1,"gnumus:mouse_skin":1,"patchouli:guide_book":2},"minecraft:custom":{"minecraft:time_since_rest":41664,"lootr:looted_stat":2,"minecraft:sprint_one_cm":112887,"minecraft:damage_taken":706,"minecraft:walk_one_cm":130097,"minecraft:mob_kills":2,"minecraft:drop":17,"minecraft:damage_dealt":215,"minecraft:swim_one_cm":16565,"minecraft:interact_with_crafting_table":1,"minecraft:fly_one_cm":1352808,"minecraft:open_barrel":2,"minecraft:crouch_one_cm":7735,"minecraft:play_time":61312,"minecraft:deaths":1,"minecraft:sneak_time":1520,"minecraft:walk_under_water_one_cm":27003,"minecraft:damage_dealt_resisted":10,"minecraft:jump":761,"minecraft:time_since_death":41634,"minecraft:walk_on_water_one_cm":36904,"minecraft:leave_game":5,"minecraft:total_world_time":61312,"minecraft:climb_one_cm":2148,"minecraft:damage_resisted":4,"minecraft:fall_one_cm":13123},"minecraft:picked_up":{"minecraft:stick":4,"minecraft:spruce_stairs":2,"biomesoplenty:fir_log":12,"minecraft:knowledge_book":2,"minecraft:oak_log":6,"minecraft:spruce_log":4,"minecraft:dirt":1,"minecraft:wheat_seeds":1,"minecraft:oak_sapling":3,"gnumus:mouse_skin":1},"minecraft:crafted":{"minecraft:oak_planks":128,"minecraft:crafting_table":1,"minecraft:spruce_planks":16,"minecraft:stick":4,"minecraft:wooden_axe":1},"minecraft:mined":{"minecraft:spruce_stairs":1,"minecraft:ice":6,"minecraft:spruce_log":4,"biomesoplenty:fir_log":12,"minecraft:grass":1,"minecraft:oak_log":5,"minecraft:dirt":1,"minecraft:packed_ice":11,"minecraft:oak_leaves":1,"minecraft:fern":2},"minecraft:killed":{"gnumus:marsupial_mousse":1},"minecraft:used":{"minecraft:knowledge_book":82,"minecraft:oak_log":2,"minecraft:wooden_axe":22,"minecraft:bread":6,"minecraft:torch":3,"minecraft:dirt":1,"minecraft:crafting_table":1,"minecraft:oak_sapling":1,"minecraft:spruce_stairs":1,"minecraft:bucket":1,"minecraft:ice":1,"alexsmobs:animal_dictionary":1,"minecraft:cod":4,"minecraft:bone_meal":5,"minecraft:beetroot_soup":1}},"DataVersion":3465}