{"stats":{"minecraft:custom":{"minecraft:time_since_rest":33898,"minecraft:interact_with_furnace":2,"minecraft:sprint_one_cm":18741,"minecraft:damage_taken":20,"minecraft:walk_one_cm":21905,"minecraft:mob_kills":2,"minecraft:drop":1,"minecraft:damage_dealt":202,"minecraft:interact_with_crafting_table":10,"minecraft:fly_one_cm":34942,"minecraft:crouch_one_cm":3511,"minecraft:play_time":33898,"minecraft:sneak_time":1545,"minecraft:jump":193,"minecraft:leave_game":1,"minecraft:time_since_death":33898,"minecraft:total_world_time":33898,"minecraft:fall_one_cm":3319},"minecraft:killed":{"minecraft:sheep":2},"minecraft:broken":{"minecraft:wooden_axe":1},"minecraft:crafted":{"minecraft:charcoal":2,"minecraft:crafting_table":1,"minecraft:stick":4,"minecraft:wooden_pickaxe":1,"minecraft:stone_pickaxe":1,"minecraft:wooden_axe":1,"minecraft:furnace":1,"minecraft:acacia_planks":156,"minecraft:torch":4,"minecraft:stone_axe":1,"minecraft:air":0},"minecraft:mined":{"minecraft:dead_fire_coral":1,"minecraft:furnace":2,"minecraft:stripped_spruce_log":10,"minecraft:torch":3,"minecraft:crafting_table":3,"minecraft:cornflower":1,"minecraft:grass":1,"minecraft:acacia_log":5,"minecraft:grass_block":5,"minecraft:gravel":12,"minecraft:dirt":35,"minecraft:cobblestone":1,"minecraft:stone":32,"minecraft:wall_torch":2},"minecraft:dropped":{"minecraft:acacia_sapling":8},"minecraft:picked_up":{"minecraft:charcoal":1,"minecraft:stick":5,"minecraft:crafting_table":3,"minecraft:torch":5,"minecraft:acacia_log":39,"minecraft:gravel":11,"minecraft:flint":1,"minecraft:stripped_spruce_log":12,"minecraft:cornflower":2,"minecraft:dirt":40,"minecraft:acacia_planks":16,"minecraft:mutton":2,"minecraft:acacia_sapling":17,"minecraft:white_wool":2,"minecraft:cobblestone":33,"minecraft:furnace":2},"minecraft:used":{"minecraft:wooden_axe":19,"minecraft:stone_pickaxe":65,"minecraft:wooden_pickaxe":4,"minecraft:gravel":2,"minecraft:stone_axe":12,"minecraft:torch":5,"minecraft:dirt":29,"minecraft:cobblestone":6,"minecraft:mutton":1,"minecraft:crafting_table":3,"minecraft:furnace":2,"minecraft:stripped_spruce_log":5}},"DataVersion":3465}