{"stats":{"minecraft:crafted":{"minecraft:oak_planks":128,"minecraft:crafting_table":1,"minecraft:spruce_planks":16,"minecraft:wooden_pickaxe":1,"minecraft:stone_axe":1,"minecraft:stick":4,"minecraft:stone_pickaxe":1,"minecraft:wooden_axe":1,"minecraft:stone_sword":1},"minecraft:picked_up":{"minecraft:crafting_table":2,"biomesoplenty:fir_sapling":22,"biomesoplenty:fir_log":106,"minecraft:knowledge_book":3,"minecraft:oak_log":43,"minecraft:string":5,"minecraft:dirt":12,"minecraft:wheat_seeds":4,"minecraft:oak_planks":110,"minecraft:stick":36,"minecraft:torch":5,"minecraft:spruce_stairs":2,"minecraft:spruce_log":4,"minecraft:spider_eye":3,"alexsmobs:moose_ribs":3,"minecraft:oak_sapling":3,"gnumus:mouse_skin":1,"minecraft:cobblestone":20},"minecraft:mined":{"minecraft:crafting_table":2,"minecraft:torch":2,"minecraft:grass_block":3,"minecraft:wall_torch":3,"minecraft:spruce_stairs":1,"minecraft:ice":6,"minecraft:spruce_log":4,"biomesoplenty:fir_log":12,"minecraft:grass":3,"minecraft:oak_log":5,"minecraft:dirt":9,"minecraft:packed_ice":11,"minecraft:stone":14,"minecraft:oak_leaves":1,"minecraft:fern":2},"minecraft:broken":{"minecraft:wooden_axe":1},"minecraft:killed_by":{"alexsmobs:moose":2},"minecraft:killed":{"minecraft:spider":4,"gnumus:marsupial_mousse":1,"alexsmobs:moose":1},"minecraft:dropped":{"biomesoplenty:fir_log":42,"minecraft:wheat_seeds":4,"minecraft:oak_log":38,"alexsmobs:animal_dictionary":1,"minecraft:bowl":1,"minecraft:knowledge_book":7,"minecraft:oak_planks":165,"minecraft:spruce_stairs":1,"gnumus:mouse_skin":1,"patchouli:guide_book":2,"biomesoplenty:fir_sapling":21,"minecraft:stick":22,"minecraft:ice":1,"minecraft:oak_sapling":3,"minecraft:wooden_pickaxe":1,"minecraft:fishing_rod":1},"minecraft:used":{"minecraft:knowledge_book":156,"minecraft:stone_sword":13,"minecraft:stone_pickaxe":8,"minecraft:wooden_pickaxe":6,"minecraft:torch":8,"minecraft:dirt":3,"minecraft:crafting_table":2,"alexsmobs:moose_ribs":2,"minecraft:spruce_stairs":1,"minecraft:cod":4,"minecraft:oak_log":2,"minecraft:wooden_axe":22,"minecraft:bread":6,"minecraft:stone_axe":2,"minecraft:pink_bed":1,"minecraft:oak_sapling":1,"minecraft:bucket":1,"minecraft:ice":1,"alexsmobs:animal_dictionary":1,"minecraft:bone_meal":5,"minecraft:beetroot_soup":1},"minecraft:custom":{"lootr:looted_stat":2,"minecraft:mob_kills":7,"minecraft:interact_with_crafting_table":5,"minecraft:open_barrel":2,"minecraft:damage_dealt_resisted":10,"minecraft:leave_game":6,"minecraft:time_since_death":4683,"minecraft:climb_one_cm":2148,"minecraft:damage_resisted":73,"minecraft:time_since_rest":4714,"minecraft:sprint_one_cm":137842,"minecraft:damage_taken":1412,"minecraft:walk_one_cm":183251,"minecraft:drop":32,"minecraft:damage_dealt":815,"minecraft:swim_one_cm":16565,"minecraft:fly_one_cm":1380283,"minecraft:crouch_one_cm":12678,"minecraft:play_time":71644,"minecraft:deaths":3,"minecraft:sneak_time":2576,"minecraft:walk_under_water_one_cm":27070,"minecraft:jump":957,"minecraft:walk_on_water_one_cm":36908,"minecraft:total_world_time":71644,"minecraft:fall_one_cm":15730}},"DataVersion":3465}