{"stats":{"minecraft:mined":{"minecraft:spruce_stairs":1,"minecraft:ice":6,"minecraft:spruce_log":4,"minecraft:packed_ice":11},"minecraft:dropped":{"minecraft:ice":1,"minecraft:oak_log":1,"alexsmobs:animal_dictionary":1,"minecraft:bowl":1,"minecraft:knowledge_book":6,"minecraft:spruce_stairs":1,"minecraft:fishing_rod":1,"patchouli:guide_book":2},"minecraft:used":{"minecraft:knowledge_book":82,"minecraft:oak_log":2,"minecraft:bread":6,"minecraft:spruce_stairs":1,"minecraft:bucket":1,"minecraft:ice":1,"alexsmobs:animal_dictionary":1,"minecraft:cod":4,"minecraft:beetroot_soup":1},"minecraft:custom":{"minecraft:time_since_rest":19631,"lootr:looted_stat":1,"minecraft:sprint_one_cm":58135,"minecraft:damage_taken":706,"minecraft:walk_one_cm":67041,"minecraft:mob_kills":1,"minecraft:drop":14,"minecraft:damage_dealt":20,"minecraft:swim_one_cm":11736,"minecraft:fly_one_cm":663854,"minecraft:crouch_one_cm":4794,"minecraft:play_time":39279,"minecraft:deaths":1,"minecraft:sneak_time":1049,"minecraft:walk_under_water_one_cm":23737,"minecraft:jump":475,"minecraft:time_since_death":19601,"minecraft:walk_on_water_one_cm":32720,"minecraft:leave_game":1,"minecraft:total_world_time":39279,"minecraft:climb_one_cm":1594,"minecraft:damage_resisted":4,"minecraft:fall_one_cm":13123},"minecraft:crafted":{"minecraft:spruce_planks":16},"minecraft:picked_up":{"minecraft:spruce_stairs":2,"minecraft:knowledge_book":2,"minecraft:oak_log":1,"minecraft:spruce_log":4}},"DataVersion":3465}