{"stats":{"minecraft:crafted":{"regions_unexplored:maple_planks":196,"minecraft:furnace":1,"stalwart_dungeons:diamond_hammer":1,"minecraft:cooked_mutton":6,"born_in_chaos_v1:spiny_shell_armor_helmet":1,"minecraft:stone_pickaxe":1,"minecraft:cooked_beef":4,"minecraft:diamond_sword":1,"epicfight:diamond_longsword":1,"minecraft:crafting_table":11,"minecraft:wooden_pickaxe":1,"minecraft:iron_sword":1,"regions_unexplored:maple_boat":2,"minecraft:stone_axe":2,"minecraft:air":0,"rpgsmw:paladin_diamond_armor_boots":1,"minecraft:iron_chestplate":1,"minecraft:stick":20,"minecraft:iron_pickaxe":1,"minecraft:iron_ingot":6,"minecraft:wooden_axe":1,"minecraft:stone_sword":1,"minecraft:gold_ingot":36},"minecraft:mined":{"minecraft:yellow_terracotta":1,"minecraft:red_carpet":1,"minecraft:spruce_planks":1,"regions_unexplored:maple_log":62,"farmersdelight:wild_carrots":1,"born_in_chaos_v1:infected_diamond_ore":2,"regions_unexplored:hanging_prismarite":1,"twigs:twig":1,"minecraft:spruce_leaves":1,"ars_nouveau:sourceberry_bush":20,"minecraft:moss_block":1,"minecraft:large_fern":6,"regions_unexplored:stone_bud":1,"minecraft:furnace":1,"minecraft:iron_ore":9,"minecraft:green_terracotta":1,"evilcraft:dark_ore":1,"minecraft:gold_block":2,"minecraft:deepslate_iron_ore":4,"regions_unexplored:medium_grass":2,"minecraft:stone":88,"regions_unexplored:silt_grass_block":5,"twigs:opaline_seashell":1,"regions_unexplored:felicia_daisy":1,"minecraft:smithing_table":1,"minecraft:crafting_table":4,"minecraft:torch":6,"regions_unexplored:silt_dirt":7,"minecraft:cobblestone":5,"nature_arise:blueberry_bush":4,"minecraft:wall_torch":7,"supplementaries:urn":1,"minecraft:sweet_berry_bush":6,"regions_unexplored:red_maple_leaf_pile":1,"minecraft:coal_ore":9,"minecraft:cobweb":1,"regions_unexplored:clover":1,"minecraft:stone_bricks":1,"minecraft:deepslate":29,"minecraft:fern":4},"minecraft:broken":{"minecraft:leather_leggings":1,"minecraft:wooden_axe":1},"minecraft:killed_by":{"born_in_chaos_v1:baby_skeleton_2":1,"minecraft:player":4,"minecraft:creeper":1,"born_in_chaos_v1:bonescaller":1,"minecraft:cave_spider":1,"creeperoverhaul:spruce_creeper":1,"minecraft:vex":1},"minecraft:picked_up":{"born_in_chaos_v1:diamond_termite_shard":3,"minecraft:crafting_table":4,"travelersbackpack:bat":1,"minecraft:turtle_helmet":1,"born_in_chaos_v1:seedof_chaos":2,"minecraft:smithing_table":1,"regions_unexplored:silt_dirt":53,"minecraft:gold_block":2,"regions_unexplored:maple_boat":1,"regions_unexplored:maple_planks":35,"regions_unexplored:red_maple_leaf_pile":2,"minecraft:cornflower":1,"minecraft:string":6,"minecraft:iron_axe":1,"twigs:opaline_seashell":1,"vampirism:obi_belt":1,"minecraft:sea_pickle":1,"minecraft:smooth_stone":1,"minecraft:cobbled_deepslate":32,"minecraft:beef":14,"minecraft:spruce_trapdoor":6,"minecraft:furnace":1,"minecraft:egg":3,"minecraft:stick":6,"minecraft:raw_iron":13,"born_in_chaos_v1:shattered_skull":1,"nature_arise:fir_log":85,"minecraft:copper_ingot":1,"minecraft:torch":17,"travelersbackpack:iron_tier_upgrade":4,"travelersbackpack:diamond_tier_upgrade":2,"epicfight:skillbook":9,"minecraft:diorite":3,"minecraft:trident":3,"born_in_chaos_v1:pieceofdarkmetal":1,"vampirism:enhanced_crossbow":1,"minecraft:green_terracotta":1,"minecraft:rotten_flesh":4,"minecraft:arrow":29,"ars_elemental:fire_caster_tome":1,"regions_unexplored:maple_sapling":3,"minecraft:red_tulip":2,"farmersdelight:rope":20,"born_in_chaos_v1:spiny_shell":5,"ars_nouveau:sourceberry_bush":39,"minecraft:mutton":6,"minecraft:white_wool":3,"minecraft:cobblestone":88,"born_in_chaos_v1:corpse_maggot":2,"minecraft:leather_chestplate":1,"vampirism:vampire_book":1,"regions_unexplored:hanging_prismarite":5,"born_in_chaos_v1:monster_flesh":2,"minecraft:leather":9,"nature_arise:blueberries":16,"ars_nouveau:wilden_wing":1,"evilcraft:flesh_humanoid":4,"regions_unexplored:red_maple_sapling":6,"minecraft:gunpowder":5,"travelersbackpack:gold_tier_upgrade":1,"minecraft:bone":29,"minecraft:apple":1,"minecraft:stone_bricks":1,"minecraft:gray_terracotta":1,"minecraft:bow":2,"minecraft:wheat_seeds":2,"minecraft:wild_armor_trim_smithing_template":2,"minecraft:iron_ingot":3,"twigs:twig":12,"minecraft:moss_block":30,"minecraft:book":1,"nature_arise:fir_sapling":12,"minecraft:sweet_berries":12,"epicfight:uchigatana":2,"minecraft:spruce_sapling":1,"minecraft:spider_eye":6,"minecraft:leather_helmet":2,"cataclysm:lionfish":1,"born_in_chaos_v1:fire_dust":1,"waystones:waystone":2,"evilcraft:dark_gem":5,"regions_unexplored:clover":2,"regions_unexplored:maple_log":49,"minecraft:golden_apple":1,"minecraft:emerald":6,"born_in_chaos_v1:rotten_fish":2,"minecraft:coal":10},"minecraft:custom":{"minecraft:interact_with_smithing_table":7,"lootr:looted_stat":77,"minecraft:interact_with_anvil":8,"minecraft:mob_kills":67,"minecraft:interact_with_crafting_table":29,"minecraft:open_barrel":4,"minecraft:damage_dealt_resisted":976,"minecraft:leave_game":9,"minecraft:time_since_death":26215,"minecraft:climb_one_cm":11073,"minecraft:sprint_one_cm":771251,"minecraft:walk_one_cm":651606,"minecraft:drop":107,"minecraft:damage_dealt_absorbed":483,"minecraft:talked_to_villager":15,"minecraft:strider_one_cm":41,"minecraft:play_time":197806,"minecraft:deaths":11,"minecraft:sneak_time":7244,"minecraft:walk_under_water_one_cm":67020,"minecraft:jump":1896,"minecraft:walk_on_water_one_cm":64506,"minecraft:total_world_time":197806,"minecraft:interact_with_furnace":10,"minecraft:time_since_rest":26342,"minecraft:waystone_activated":2,"minecraft:damage_taken":8270,"minecraft:damage_absorbed":97,"minecraft:damage_dealt":14152,"minecraft:swim_one_cm":266007,"minecraft:fly_one_cm":1422062,"minecraft:player_kills":5,"minecraft:open_chest":6,"minecraft:crouch_one_cm":53010,"minecraft:fall_one_cm":73910,"minecraft:inspect_dispenser":2},"minecraft:dropped":{"minecraft:iron_sword":1,"minecraft:moss_block":1,"born_in_chaos_v1:shattered_skull":1,"minecraft:wheat_seeds":1,"vampirism:vampire_book":1,"minecraft:iron_helmet":1,"minecraft:cobblestone":8,"minecraft:apple":22,"minecraft:leather":1,"travelersbackpack:iron_tier_upgrade":3,"born_in_chaos_v1:pieceofdarkmetal":1,"minecraft:leather_helmet":2,"regions_unexplored:maple_planks":99,"minecraft:stick":3,"ars_nouveau:worn_notebook":1,"minecraft:diorite":3,"minecraft:torch":9,"nature_arise:fir_sapling":12,"vampirism:enhanced_crossbow":1,"nature_arise:fir_log":21,"minecraft:smooth_stone":1,"minecraft:string":5,"twigs:opaline_seashell":1,"minecraft:spruce_sapling":1,"twigs:twig":7,"ars_nouveau:wilden_wing":1,"minecraft:bone":31,"minecraft:stone_axe":1,"epicfight:uchigatana":3,"alexsmobs:animal_dictionary":1,"born_in_chaos_v1:fire_dust":1,"minecraft:stone_sword":1,"minecraft:wild_armor_trim_smithing_template":2,"vampirism:obi_belt":1,"born_in_chaos_v1:rotten_fish":1,"nature_arise:blueberries":1,"regions_unexplored:clover":2,"travelersbackpack:diamond_tier_upgrade":2,"evilcraft:flesh_humanoid":4,"ars_nouveau:sourceberry_bush":6,"travelersbackpack:gold_tier_upgrade":1,"regions_unexplored:maple_boat":1,"minecraft:gray_terracotta":1,"born_in_chaos_v1:seedof_chaos":2,"minecraft:trident":2,"minecraft:gunpowder":1,"regions_unexplored:hanging_prismarite":5,"minecraft:spider_eye":6,"minecraft:arrow":28,"minecraft:bow":2,"minecraft:wooden_pickaxe":1,"ars_elemental:fire_caster_tome":1,"minecraft:stone_pickaxe":1,"regions_unexplored:silt_dirt":25,"epicfight:skillbook":13,"ars_nouveau:wixie_shards":1},"minecraft:killed":{"illagerinvasion:archivist":3,"minecraft:evoker":1,"minecraft:cave_spider":3,"alexsmobs:raccoon":1,"minecraft:vindicator":3,"illagerinvasion:marauder":2,"born_in_chaos_v1:thornshell_crab":2,"minecraft:zombie_horse":1,"minecraft:skeleton":9,"illagerinvasion:provoker":1,"born_in_chaos_v1:corpse_fish":1,"minecraft:drowned":1,"cataclysm:lionfish":1,"born_in_chaos_v1:firelight_not_despawn":1,"born_in_chaos_v1:diamond_termite":4,"alexsmobs:skunk":1,"alexsmobs:seal":5,"minecraft:creeper":4,"born_in_chaos_v1:decrepit_skeleton":1,"minecraft:sheep":3,"minecraft:zombie":1,"born_in_chaos_v1:dread_hound":2,"born_in_chaos_v1:corpse_fly":4,"minecraft:cow":6},"minecraft:used":{"regions_unexplored:silt_dirt":12,"fishofthieves:leeches":1,"nature_arise:blueberries":16,"minecraft:trident":62,"minecraft:stone_sword":20,"minecraft:stone":26,"minecraft:iron_sword":54,"travelersbackpack:bat":5,"minecraft:stick":2,"regions_unexplored:maple_planks":27,"minecraft:torch":81,"fishofthieves:earthworms":1,"minecraft:anvil":2,"born_in_chaos_v1:corpse_maggot":2,"minecraft:wooden_axe":61,"stalwart_dungeons:diamond_hammer":17,"regions_unexplored:maple_sapling":3,"minecraft:stone_bricks":1,"minecraft:sweet_berries":16,"minecraft:furnace":2,"ars_nouveau:sourceberry_bush":53,"minecraft:cooked_beef":4,"minecraft:egg":3,"regions_unexplored:red_maple_leaf_pile":2,"minecraft:cooked_mutton":6,"epicfight:skillbook":25,"fishofthieves:splashtail":1,"minecraft:stone_pickaxe":94,"minecraft:wooden_pickaxe":4,"minecraft:golden_apple":3,"minecraft:crafting_table":8,"cataclysm:lionfish":1,"minecraft:apple":49,"minecraft:firework_rocket":3,"born_in_chaos_v1:monster_flesh":2,"minecraft:string":1,"minecraft:iron_pickaxe":58,"minecraft:stone_axe":17,"twigs:twig":5,"minecraft:cobblestone":63,"born_in_chaos_v1:rotten_fish":1,"minecraft:cooked_porkchop":1,"minecraft:smithing_table":5,"epicfight:diamond_longsword":104,"alexsmobs:animal_dictionary":1,"regions_unexplored:red_maple_sapling":6,"regions_unexplored:maple_boat":1,"epicfight:uchigatana":23}},"DataVersion":3465}