{"stats":{"minecraft:mined":{"regions_unexplored:maple_log":62,"born_in_chaos_v1:infected_diamond_ore":2,"minecraft:crafting_table":4,"minecraft:torch":1,"regions_unexplored:hanging_prismarite":1,"regions_unexplored:silt_dirt":7,"minecraft:cobblestone":3,"minecraft:wall_torch":2,"supplementaries:urn":1,"minecraft:large_fern":6,"minecraft:furnace":1,"minecraft:iron_ore":7,"regions_unexplored:red_maple_leaf_pile":1,"minecraft:gold_block":1,"minecraft:coal_ore":8,"minecraft:deepslate_iron_ore":4,"regions_unexplored:medium_grass":1,"minecraft:stone_bricks":1,"minecraft:stone":73,"regions_unexplored:silt_grass_block":5,"minecraft:deepslate":1,"minecraft:fern":2},"minecraft:dropped":{"minecraft:stone_axe":1,"minecraft:stone_sword":1,"alexsmobs:animal_dictionary":1,"evilcraft:flesh_humanoid":1,"ars_nouveau:worn_notebook":1,"regions_unexplored:hanging_prismarite":5,"minecraft:stone_pickaxe":1,"minecraft:wooden_pickaxe":1},"minecraft:killed_by":{"born_in_chaos_v1:bonescaller":1,"born_in_chaos_v1:baby_skeleton_2":1},"minecraft:broken":{"minecraft:wooden_axe":1},"minecraft:picked_up":{"born_in_chaos_v1:diamond_termite_shard":3,"minecraft:crafting_table":4,"regions_unexplored:hanging_prismarite":5,"born_in_chaos_v1:seedof_chaos":2,"minecraft:leather":1,"regions_unexplored:silt_dirt":28,"minecraft:gold_block":1,"evilcraft:flesh_humanoid":1,"regions_unexplored:red_maple_sapling":6,"regions_unexplored:red_maple_leaf_pile":2,"minecraft:bone":9,"minecraft:apple":1,"minecraft:stone_bricks":1,"minecraft:cobbled_deepslate":4,"minecraft:beef":4,"twigs:twig":5,"minecraft:furnace":1,"minecraft:stick":6,"minecraft:raw_iron":11,"minecraft:torch":5,"born_in_chaos_v1:pieceofdarkmetal":1,"minecraft:arrow":8,"regions_unexplored:maple_sapling":3,"regions_unexplored:maple_log":49,"minecraft:mutton":6,"minecraft:coal":10,"minecraft:white_wool":3,"minecraft:cobblestone":75},"minecraft:crafted":{"minecraft:cooked_beef":4,"minecraft:crafting_table":1,"regions_unexplored:maple_planks":20,"minecraft:wooden_pickaxe":1,"minecraft:iron_sword":1,"minecraft:furnace":1,"minecraft:stone_axe":2,"minecraft:cooked_mutton":6,"minecraft:air":0,"minecraft:stick":12,"minecraft:iron_ingot":6,"minecraft:iron_pickaxe":1,"minecraft:stone_pickaxe":1,"minecraft:wooden_axe":1,"minecraft:stone_sword":1},"minecraft:custom":{"lootr:looted_stat":5,"minecraft:interact_with_furnace":10,"minecraft:mob_kills":16,"minecraft:interact_with_crafting_table":12,"minecraft:damage_dealt_resisted":120,"minecraft:leave_game":6,"minecraft:time_since_death":3869,"minecraft:time_since_rest":3898,"minecraft:sprint_one_cm":191699,"minecraft:damage_taken":2360,"minecraft:walk_one_cm":150040,"minecraft:drop":8,"minecraft:damage_dealt":2763,"minecraft:swim_one_cm":215,"minecraft:damage_dealt_absorbed":54,"minecraft:fly_one_cm":304919,"minecraft:crouch_one_cm":14848,"minecraft:play_time":56568,"minecraft:deaths":3,"minecraft:sneak_time":2594,"minecraft:walk_under_water_one_cm":168,"minecraft:jump":674,"minecraft:walk_on_water_one_cm":65,"minecraft:total_world_time":56568,"minecraft:fall_one_cm":19698},"minecraft:killed":{"born_in_chaos_v1:diamond_termite":4,"minecraft:sheep":3,"minecraft:skeleton":4,"minecraft:zombie":1,"born_in_chaos_v1:corpse_fly":1,"minecraft:cow":2},"minecraft:used":{"regions_unexplored:silt_dirt":3,"minecraft:cooked_mutton":4,"minecraft:stone_sword":20,"minecraft:stone_pickaxe":94,"minecraft:wooden_pickaxe":4,"minecraft:iron_sword":10,"minecraft:stick":2,"minecraft:torch":46,"minecraft:crafting_table":4,"minecraft:wooden_axe":61,"minecraft:apple":12,"minecraft:iron_pickaxe":18,"regions_unexplored:maple_sapling":3,"twigs:twig":5,"minecraft:stone_axe":14,"minecraft:cobblestone":17,"minecraft:furnace":2,"alexsmobs:animal_dictionary":1,"minecraft:cooked_beef":4,"regions_unexplored:red_maple_leaf_pile":2,"regions_unexplored:red_maple_sapling":6}},"DataVersion":3465}