{"stats":{"minecraft:broken":{"minecraft:leather_leggings":1,"minecraft:iron_chestplate":1,"minecraft:iron_leggings":1,"born_in_chaos_v1:spiny_shell_armor_helmet":1,"minecraft:wooden_axe":1,"rpgsmw:paladin_diamond_armor_boots":1},"minecraft:picked_up":{"travelersbackpack:bat":1,"minecraft:smithing_table":1,"regions_unexplored:silt_dirt":54,"minecraft:enchanted_book":5,"regions_unexplored:maple_planks":35,"minecraft:gilded_blackstone":4,"minecraft:brewing_stand":1,"paraglider:goddess_statue":3,"minecraft:string":6,"minecraft:smooth_stone_slab":6,"epicpaladins:bloodstone_gem":13,"vampirism:obi_belt":2,"minecraft:sea_pickle":1,"minecraft:diamond_leggings":1,"minecraft:smooth_stone":1,"minecraft:cobbled_deepslate":32,"bosses_of_mass_destruction:soul_star":6,"minecraft:furnace":1,"minecraft:stick":6,"born_in_chaos_v1:shattered_skull":1,"nature_arise:fir_log":85,"epicpaladins:arclight_gem":1,"minecraft:torch":18,"travelersbackpack:iron_tier_upgrade":4,"epicfight:skillbook":35,"travelersbackpack:diamond_tier_upgrade":2,"nature_arise:raw_aluminium":12,"minecraft:porkchop":2,"minecraft:diorite":5,"vampirism:enhanced_crossbow":1,"minecraft:golden_chestplate":1,"minecraft:green_terracotta":1,"mutantmonsters:hulk_hammer":1,"minecraft:stone_sword":1,"minecraft:rotten_flesh":703,"minecraft:red_tulip":2,"minecraft:cyan_terracotta":1,"farmersdelight:rope":20,"ars_nouveau:sourceberry_bush":39,"supplementaries:ash":11,"minecraft:cobblestone":141,"minecraft:birch_log":21,"vampirism:vampire_book":1,"minecraft:leather_chestplate":1,"minecraft:feather":3,"minecraft:andesite":5,"minecraft:potato":7,"alexsmobs:bison_fur":1,"paraglider:spirit_orb":62,"evilcraft:flesh_humanoid":4,"travelersbackpack:gold_tier_upgrade":1,"minecraft:bone":125,"minecraft:gray_terracotta":1,"minecraft:bow":2,"minecraft:wheat_seeds":3,"obtrophies:trophy":1,"minecraft:moss_block":30,"minecraft:glowstone_dust":3,"galosphere:raw_silver":12,"twigs:twig":12,"nature_arise:fir_sapling":12,"evilcraft:dark_gem_crushed":7,"minecraft:spectral_arrow":2,"minecraft:mossy_cobblestone":3,"sons_of_sins:flesh_of_demise":1,"epicsamurai:straw_hat":6,"cataclysm:lionfish":1,"minecraft:polished_andesite":7,"born_in_chaos_v1:fire_dust":2,"waystones:waystone":5,"regions_unexplored:clover":2,"minecraft:golden_apple":1,"minecraft:emerald":7,"born_in_chaos_v1:rotten_fish":2,"born_in_chaos_v1:diamond_termite_shard":3,"minecraft:crafting_table":4,"minecraft:chicken":4,"minecraft:turtle_helmet":1,"born_in_chaos_v1:seedof_chaos":2,"minecraft:gold_block":3,"regions_unexplored:maple_boat":1,"minecraft:chain":1,"regions_unexplored:red_maple_leaf_pile":2,"minecraft:cornflower":1,"minecraft:iron_axe":1,"twigs:opaline_seashell":1,"graveyard:corruption":6,"minecraft:beef":23,"minecraft:spruce_trapdoor":6,"minecraft:egg":4,"minecraft:raw_iron":72,"minecraft:stone":7,"minecraft:copper_ingot":1,"born_in_chaos_v1:pieceofdarkmetal":1,"minecraft:trident":3,"minecraft:carrot":5,"minecraft:diamond_chestplate":1,"minecraft:arrow":110,"ars_elemental:fire_caster_tome":1,"regions_unexplored:maple_sapling":3,"born_in_chaos_v1:spiny_shell":5,"minecraft:totem_of_undying":1,"minecraft:mutton":6,"minecraft:white_wool":3,"born_in_chaos_v1:corpse_maggot":31,"regions_unexplored:hanging_prismarite":5,"born_in_chaos_v1:monster_flesh":2,"minecraft:glow_ink_sac":7,"minecraft:leather":9,"nature_arise:blueberries":16,"ars_nouveau:wilden_wing":1,"waystones:sandy_waystone":1,"stalwart_dungeons:diamond_hammer":1,"regions_unexplored:red_maple_sapling":6,"minecraft:gunpowder":8,"minecraft:apple":4,"minecraft:stone_bricks":1,"minecraft:wild_armor_trim_smithing_template":2,"alexsmobs:cockroach_wing_fragment":3,"minecraft:iron_ingot":9,"epicsamurai:aquamarine":16,"minecraft:iron_sword":1,"minecraft:book":1,"minecraft:polished_andesite_stairs":2,"minecraft:sweet_berries":12,"minecraft:chiseled_stone_bricks":1,"born_in_chaos_v1:ethereal_spirit":2,"epicfight:uchigatana":2,"minecraft:spruce_sapling":1,"minecraft:crying_obsidian":1,"minecraft:spider_eye":8,"minecraft:leather_helmet":2,"epicfight:diamond_longsword":1,"minecraft:iron_helmet":1,"evilcraft:dark_gem":35,"regions_unexplored:maple_log":49,"minecraft:mossy_cobblestone_stairs":1,"minecraft:netherite_hoe":2,"minecraft:coal":15},"minecraft:used":{"regions_unexplored:silt_dirt":29,"minecraft:stone":26,"minecraft:iron_sword":54,"paraglider:goddess_statue":2,"wom:agony":375,"born_in_chaos_v1:corpse_maggot":2,"born_in_chaos_v1:smoked_flesh":1,"minecraft:polished_andesite_stairs":1,"regions_unexplored:maple_sapling":3,"minecraft:netherite_hoe":19,"minecraft:stone_bricks":1,"minecraft:bow":2,"minecraft:sweet_berries":16,"mutantmonsters:hulk_hammer":41,"minecraft:furnace":2,"ars_nouveau:sourceberry_bush":53,"minecraft:egg":4,"regions_unexplored:red_maple_leaf_pile":2,"epicfight:skillbook":59,"fishofthieves:splashtail":1,"minecraft:stone_pickaxe":94,"minecraft:wooden_pickaxe":4,"minecraft:diamond_axe":76,"minecraft:golden_apple":9,"cataclysm:lionfish":1,"minecraft:firework_rocket":3,"minecraft:crying_obsidian":1,"born_in_chaos_v1:monster_flesh":2,"minecraft:string":1,"sons_of_sins:flesh_of_demise":1,"born_in_chaos_v1:rotten_fish":1,"minecraft:smithing_table":5,"minecraft:andesite":4,"minecraft:smooth_stone_slab":1,"epicfight:diamond_longsword":575,"regions_unexplored:maple_boat":1,"regions_unexplored:red_maple_sapling":6,"fishofthieves:leeches":1,"nature_arise:blueberries":16,"minecraft:trident":62,"minecraft:enchanting_table":1,"minecraft:stone_sword":20,"travelersbackpack:bat":6,"regions_unexplored:maple_planks":60,"minecraft:stick":4,"minecraft:torch":83,"fishofthieves:earthworms":1,"minecraft:anvil":3,"minecraft:mossy_cobblestone_stairs":1,"minecraft:wooden_axe":61,"stalwart_dungeons:diamond_hammer":254,"minecraft:iron_boots":1,"minecraft:diamond_chestplate":1,"minecraft:cooked_beef":4,"minecraft:enchanted_golden_apple":1,"minecraft:iron_leggings":1,"minecraft:cooked_mutton":6,"minecraft:water_bucket":2,"minecraft:gilded_blackstone":4,"minecraft:mossy_cobblestone":3,"minecraft:crafting_table":8,"minecraft:apple":65,"minecraft:iron_pickaxe":58,"minecraft:stone_axe":17,"twigs:twig":5,"minecraft:cobblestone":109,"minecraft:cooked_porkchop":1,"minecraft:bucket":2,"alexsmobs:animal_dictionary":1,"minecraft:diamond_leggings":1,"epicfight:uchigatana":23},"minecraft:custom":{"lootr:looted_stat":130,"minecraft:interact_with_crafting_table":29,"minecraft:open_barrel":14,"goblintraders:trade_with_goblin":26,"minecraft:bell_ring":3,"minecraft:leave_game":16,"minecraft:time_since_death":50057,"minecraft:damage_resisted":149,"minecraft:sprint_one_cm":1462695,"minecraft:drop":192,"minecraft:talked_to_villager":20,"minecraft:play_time":331840,"minecraft:deaths":15,"minecraft:jump":2810,"minecraft:walk_on_water_one_cm":85813,"minecraft:interact_with_furnace":10,"minecraft:waystone_activated":3,"minecraft:damage_dealt":80726,"minecraft:player_kills":5,"minecraft:crouch_one_cm":87993,"minecraft:interact_with_smoker":1,"minecraft:inspect_dispenser":2,"minecraft:interact_with_smithing_table":7,"minecraft:mob_kills":461,"minecraft:interact_with_anvil":11,"minecraft:damage_dealt_resisted":3590,"minecraft:climb_one_cm":20732,"minecraft:walk_one_cm":1304747,"minecraft:damage_dealt_absorbed":669,"minecraft:strider_one_cm":41,"minecraft:sneak_time":11552,"minecraft:walk_under_water_one_cm":87525,"minecraft:total_world_time":331840,"minecraft:time_since_rest":50084,"minecraft:damage_taken":14384,"minecraft:damage_absorbed":4961,"minecraft:swim_one_cm":304781,"minecraft:fly_one_cm":1991292,"minecraft:open_chest":7,"minecraft:fall_one_cm":116084},"minecraft:killed_by":{"minecraft:creeper":1,"minecraft:cave_spider":1,"minecraft:zombie":3,"minecraft:vex":1,"born_in_chaos_v1:baby_skeleton_2":1,"minecraft:player":4,"born_in_chaos_v1:bonescaller":1,"minecraft:skeleton":1,"creeperoverhaul:spruce_creeper":1},"minecraft:dropped":{"minecraft:iron_sword":1,"minecraft:moss_block":1,"minecraft:porkchop":2,"minecraft:glow_ink_sac":6,"epicfight:diamond_longsword":1,"minecraft:leather":1,"travelersbackpack:iron_tier_upgrade":3,"born_in_chaos_v1:pieceofdarkmetal":1,"alexsmobs:bison_fur":1,"minecraft:leather_helmet":2,"regions_unexplored:maple_planks":99,"minecraft:cyan_terracotta":1,"nature_arise:fir_sapling":12,"minecraft:chain":1,"nature_arise:fir_log":21,"twigs:twig":7,"minecraft:bone":51,"minecraft:stone_axe":2,"born_in_chaos_v1:fire_dust":2,"alexsmobs:animal_dictionary":1,"born_in_chaos_v1:ethereal_spirit":2,"nature_arise:blueberries":1,"minecraft:rotten_flesh":343,"evilcraft:flesh_humanoid":4,"minecraft:carrot":3,"stalwart_dungeons:diamond_hammer":1,"ars_nouveau:sourceberry_bush":6,"minecraft:chiseled_stone_bricks":1,"travelersbackpack:gold_tier_upgrade":1,"supplementaries:ash":9,"born_in_chaos_v1:seedof_chaos":2,"minecraft:trident":2,"minecraft:gunpowder":4,"born_in_chaos_v1:corpse_maggot":20,"regions_unexplored:hanging_prismarite":5,"minecraft:arrow":28,"minecraft:beef":9,"ars_nouveau:wixie_shards":1,"minecraft:enchanted_book":3,"born_in_chaos_v1:shattered_skull":1,"minecraft:wheat_seeds":2,"nature_arise:raw_aluminium":11,"vampirism:vampire_book":1,"minecraft:diamond_leggings":1,"minecraft:cobblestone":11,"minecraft:iron_helmet":2,"minecraft:spectral_arrow":1,"minecraft:apple":22,"minecraft:polished_andesite":6,"minecraft:stick":3,"ars_nouveau:worn_notebook":1,"minecraft:diorite":5,"minecraft:torch":9,"vampirism:enhanced_crossbow":1,"minecraft:smooth_stone":1,"minecraft:string":5,"twigs:opaline_seashell":1,"minecraft:spruce_sapling":1,"ars_nouveau:wilden_wing":1,"epicfight:uchigatana":3,"minecraft:wild_armor_trim_smithing_template":2,"minecraft:stone_sword":2,"vampirism:obi_belt":2,"born_in_chaos_v1:rotten_fish":1,"regions_unexplored:clover":2,"epicsamurai:straw_hat":5,"travelersbackpack:diamond_tier_upgrade":2,"minecraft:potato":5,"regions_unexplored:maple_boat":1,"minecraft:stone":7,"minecraft:gray_terracotta":1,"minecraft:diamond_chestplate":1,"minecraft:andesite":1,"minecraft:spider_eye":7,"minecraft:bow":2,"ars_elemental:fire_caster_tome":1,"minecraft:stone_pickaxe":1,"minecraft:wooden_pickaxe":1,"regions_unexplored:silt_dirt":25,"epicfight:skillbook":22},"minecraft:mined":{"minecraft:spruce_planks":1,"regions_unexplored:maple_log":62,"minecraft:brewing_stand":1,"regions_unexplored:hanging_prismarite":1,"twigs:twig":1,"ars_nouveau:sourceberry_bush":20,"minecraft:chiseled_stone_bricks":1,"minecraft:gilded_blackstone":4,"minecraft:spawner":31,"regions_unexplored:stone_bud":1,"minecraft:mossy_cobblestone_stairs":1,"minecraft:iron_ore":46,"nature_arise:aluminium_ore":8,"regions_unexplored:silt_grass_block":5,"minecraft:brown_mushroom":1,"minecraft:cyan_terracotta":1,"minecraft:torch":6,"minecraft:polished_andesite_stairs":3,"galosphere:silver_ore":12,"minecraft:cobblestone":27,"minecraft:wall_torch":8,"minecraft:stone_stairs":1,"minecraft:birch_log":65,"epicsamurai:aquamarine_ore":8,"minecraft:smooth_stone_slab":7,"minecraft:grass":5,"regions_unexplored:clover":1,"epicpaladins:arclight_ore":1,"minecraft:deepslate":29,"minecraft:yellow_terracotta":1,"minecraft:crying_obsidian":1,"minecraft:red_carpet":1,"minecraft:mossy_cobblestone":3,"farmersdelight:wild_carrots":1,"born_in_chaos_v1:infected_diamond_ore":2,"minecraft:spruce_leaves":1,"minecraft:moss_block":1,"minecraft:large_fern":6,"minecraft:furnace":1,"minecraft:andesite":5,"minecraft:green_terracotta":1,"evilcraft:dark_ore":7,"minecraft:gold_block":3,"minecraft:deepslate_iron_ore":4,"regions_unexplored:medium_grass":2,"minecraft:stone":120,"twigs:opaline_seashell":1,"regions_unexplored:felicia_daisy":1,"minecraft:smithing_table":1,"minecraft:crafting_table":4,"regions_unexplored:silt_dirt":8,"minecraft:tall_grass":1,"nature_arise:blueberry_bush":4,"minecraft:diorite":2,"supplementaries:urn":3,"epicpaladins:bloodstone_ore":6,"minecraft:sweet_berry_bush":6,"regions_unexplored:red_maple_leaf_pile":1,"minecraft:coal_ore":12,"evilcraft:blood_stain":1,"minecraft:cobweb":1,"minecraft:stone_bricks":2,"minecraft:polished_andesite":8,"minecraft:fern":4,"paraglider:goddess_statue":3},"minecraft:crafted":{"regions_unexplored:maple_planks":196,"minecraft:cooked_mutton":6,"minecraft:crafting_table":11,"minecraft:wooden_pickaxe":1,"minecraft:gold_block":11,"minecraft:iron_chestplate":1,"minecraft:stick":20,"minecraft:iron_ingot":58,"minecraft:iron_pickaxe":1,"minecraft:stone_sword":1,"minecraft:gold_ingot":180,"minecraft:furnace":1,"stalwart_dungeons:diamond_hammer":1,"born_in_chaos_v1:spiny_shell_armor_helmet":1,"minecraft:stone_pickaxe":1,"minecraft:cooked_beef":4,"minecraft:diamond_sword":1,"epicfight:diamond_longsword":1,"minecraft:iron_sword":1,"regions_unexplored:maple_boat":2,"minecraft:stone_axe":2,"minecraft:air":0,"rpgsmw:paladin_diamond_armor_boots":1,"minecraft:golden_apple":6,"minecraft:wooden_axe":1},"minecraft:killed":{"illagerinvasion:archivist":3,"minecraft:cave_spider":3,"born_in_chaos_v1:restless_spirit":2,"epicsamurai:kawauso":1,"minecraft:spider":1,"minecraft:zombie_horse":1,"minecraft:skeleton":42,"monsterplus:glow_skeleton":2,"minecraft:chicken":1,"illagerinvasion:provoker":1,"creeperoverhaul:cave_creeper":2,"born_in_chaos_v1:baby_skeleton_2":1,"born_in_chaos_v1:firelight_not_despawn":2,"born_in_chaos_v1:diamond_termite":4,"born_in_chaos_v1:wither_scuttler":1,"alexsmobs:seal":5,"minecraft:creeper":4,"minecraft:sheep":3,"minecraft:zombie":259,"born_in_chaos_v1:dread_hound":2,"born_in_chaos_v1:corpse_fly":4,"minecraft:cow":6,"minecraft:evoker":2,"minecraft:vex":6,"graveyard:revenant":4,"alexsmobs:raccoon":1,"minecraft:vindicator":3,"illagerinvasion:marauder":2,"born_in_chaos_v1:thornshell_crab":2,"born_in_chaos_v1:maggot":50,"alexsmobs:blue_jay":1,"epicsamurai:tanuki":1,"born_in_chaos_v1:corpse_fish":1,"minecraft:drowned":3,"alexsmobs:bison":1,"cataclysm:lionfish":1,"goblintraders:goblin_trader":1,"graveyard:ghoul":1,"alexsmobs:skunk":1,"minecraft:bat":1,"born_in_chaos_v1:decrepit_skeleton":3,"alexsmobs:cockroach":1,"sons_of_sins:betrayed_guzzler":1,"mutantmonsters:mutant_zombie":1,"born_in_chaos_v1:decaying_zombie_not_despawn":2}},"DataVersion":3465}