{"stats":{"minecraft:killed":{"minecraft:cave_spider":5,"minecraft:spider":9,"minecraft:skeleton":29,"minecraft:chicken":4,"minecraft:pig":17,"minecraft:creeper":1,"iceandfire:cockatrice":1,"minecraft:sheep":4,"minecraft:zombie":33,"minecraft:cow":9,"minecraft:llama":2,"minecraft:drowned":1,"iceandfire:deathworm":1,"iceandfire:troll":1,"minecraft:enderman":2},"minecraft:picked_up":{"minecraft:wooden_axe":1,"minecraft:iron_chestplate":1,"minecraft:stone_slab":1,"minecraft:oak_stairs":4,"minecraft:enchanted_book":2,"minecraft:stone_brick_stairs":29,"minecraft:polished_deepslate":35,"minecraft:string":172,"minecraft:raw_copper":21,"minecraft:iron_leggings":1,"minecraft:activator_rail":1,"minecraft:cobbled_deepslate":502,"minecraft:smooth_stone":3,"minecraft:azalea":2,"minecraft:melon_slice":7,"minecraft:furnace":1,"minecraft:iron_boots":2,"minecraft:stick":48,"minecraft:polished_deepslate_stairs":3,"minecraft:oak_fence":21,"minecraft:acacia_log":17,"minecraft:torch":100,"minecraft:porkchop":19,"minecraft:diorite":141,"minecraft:rotten_flesh":30,"minecraft:cobblestone":510,"minecraft:magma_block":2,"minecraft:feather":2,"minecraft:water_bucket":1,"minecraft:andesite":3,"minecraft:tuff":3,"minecraft:lapis_lazuli":197,"minecraft:dirt":150,"minecraft:bone":22,"minecraft:acacia_planks":130,"minecraft:bow":6,"minecraft:wheat_seeds":26,"minecraft:raw_gold":37,"minecraft:glowstone_dust":5,"minecraft:bamboo":16,"minecraft:moss_block":9,"minecraft:oak_planks":107,"minecraft:jungle_planks":1,"minecraft:polished_andesite":17,"minecraft:diamond":32,"waystones:waystone":2,"minecraft:granite":74,"minecraft:spruce_sign":1,"minecraft:bread":2,"minecraft:oak_sapling":76,"minecraft:coarse_dirt":2,"minecraft:crafting_table":6,"minecraft:azure_bluet":1,"minecraft:chicken":3,"minecraft:ladder":2,"minecraft:clay_ball":48,"minecraft:chest_minecart":1,"minecraft:wooden_pickaxe":1,"gravestone:obituary":9,"minecraft:moss_carpet":2,"minecraft:acacia_door":6,"minecraft:white_carpet":2,"minecraft:blackstone":436,"minecraft:beef":7,"minecraft:spruce_slab":9,"minecraft:poppy":3,"minecraft:sugar_cane":30,"minecraft:spruce_trapdoor":13,"minecraft:raw_iron":97,"iceandfire:dragonbone":5,"sophisticatedbackpacks:backpack":1,"minecraft:redstone":59,"minecraft:arrow":14,"minecraft:hay_block":15,"minecraft:glow_berries":79,"minecraft:mutton":5,"minecraft:white_wool":2,"minecraft:rail":20,"minecraft:air":0,"minecraft:leather":4,"minecraft:oak_log":307,"minecraft:cobblestone_wall":5,"minecraft:gunpowder":3,"minecraft:apple":10,"minecraft:stone_bricks":7,"minecraft:kelp":64,"minecraft:acacia_trapdoor":1,"minecraft:iron_ingot":4,"minecraft:soul_sand":1,"minecraft:iron_sword":1,"minecraft:acacia_sapling":2,"minecraft:book":5,"minecraft:oak_slab":2,"minecraft:smooth_basalt":38,"minecraft:chiseled_stone_bricks":7,"iceandfire:ash":41,"minecraft:dandelion":1,"minecraft:gravel":10,"minecraft:amethyst_shard":52,"minecraft:small_amethyst_bud":10,"minecraft:blast_furnace":1,"minecraft:white_bed":2,"minecraft:spruce_log":3,"minecraft:spider_eye":14,"minecraft:iron_helmet":1,"minecraft:gray_wool":5,"minecraft:acacia_slab":13,"minecraft:melon_seeds":7,"minecraft:mangrove_propagule":2,"minecraft:coal":29,"minecraft:ender_pearl":1},"minecraft:custom":{"minecraft:interact_with_crafting_table":43,"minecraft:open_barrel":11,"minecraft:bell_ring":1,"minecraft:leave_game":5,"minecraft:time_since_death":70066,"minecraft:sprint_one_cm":1094875,"minecraft:damage_blocked_by_shield":914,"minecraft:drop":340,"minecraft:talked_to_villager":4,"minecraft:play_time":416442,"minecraft:deaths":23,"minecraft:jump":7796,"minecraft:walk_on_water_one_cm":91289,"minecraft:interact_with_furnace":25,"minecraft:sleep_in_bed":11,"minecraft:waystone_activated":5,"minecraft:damage_dealt":20867,"minecraft:crouch_one_cm":147029,"minecraft:interact_with_smoker":8,"minecraft:horse_one_cm":79,"minecraft:interact_with_anvil":4,"minecraft:mob_kills":126,"minecraft:inspect_hopper":4,"minecraft:damage_dealt_resisted":340,"minecraft:climb_one_cm":13127,"minecraft:walk_one_cm":661675,"minecraft:damage_dealt_absorbed":119,"minecraft:sneak_time":40810,"minecraft:walk_under_water_one_cm":75183,"minecraft:boat_one_cm":115344,"minecraft:interact_with_blast_furnace":1,"minecraft:total_world_time":416442,"minecraft:time_since_rest":65560,"minecraft:damage_taken":19935,"minecraft:damage_absorbed":90,"minecraft:swim_one_cm":95821,"minecraft:fly_one_cm":1761380,"minecraft:open_chest":152,"minecraft:fall_one_cm":340150},"minecraft:used":{"minecraft:iron_shovel":88,"minecraft:polished_deepslate":328,"minecraft:spruce_slab":28,"minecraft:ladder":7,"minecraft:poppy":2,"minecraft:chest":8,"minecraft:shield":5,"minecraft:iron_sword":357,"minecraft:rotten_flesh":2,"minecraft:iron_chestplate":1,"minecraft:soul_sand":2,"minecraft:skeleton_spawn_egg":2,"minecraft:acacia_sapling":101,"minecraft:tuff":1,"minecraft:azure_bluet":1,"minecraft:obsidian":1,"minecraft:polished_deepslate_stairs":11,"minecraft:jungle_sapling":5,"minecraft:lantern":1,"minecraft:iron_helmet":1,"minecraft:stone_brick_stairs":14,"minecraft:stone_bricks":32,"minecraft:bow":11,"minecraft:hay_block":2,"minecraft:oak_sapling":42,"minecraft:furnace":6,"minecraft:egg":1,"minecraft:diorite":51,"minecraft:acacia_trapdoor":12,"minecraft:oak_planks":894,"iceandfire:troll_weapon_trunk":35,"minecraft:blackstone":388,"minecraft:wooden_pickaxe":3,"minecraft:sugar_cane":33,"minecraft:golden_apple":3,"minecraft:glow_berries":83,"minecraft:blast_furnace":1,"minecraft:cobbled_deepslate_stairs":8,"waystones:waystone":4,"minecraft:acacia_door":6,"minecraft:melon_slice":7,"minecraft:bread":172,"minecraft:string":3,"minecraft:gravel":10,"minecraft:fire_charge":1,"minecraft:diamond_sword":137,"minecraft:andesite":19,"minecraft:oak_boat":2,"minecraft:coarse_dirt":2,"minecraft:bone_meal":18,"minecraft:experience_bottle":3,"minecraft:azalea":2,"minecraft:oak_fence":11,"minecraft:cooked_chicken":3,"minecraft:torch":250,"minecraft:dirt":125,"minecraft:cobblestone_wall":5,"minecraft:golden_shovel":22,"minecraft:granite":1,"minecraft:iron_hoe":161,"minecraft:wooden_axe":19,"minecraft:iron_axe":489,"minecraft:oak_stairs":37,"minecraft:acacia_slab":265,"minecraft:iron_boots":1,"minecraft:smooth_basalt":1,"minecraft:bamboo":177,"minecraft:glowstone":1,"minecraft:cooked_beef":14,"minecraft:cobbled_deepslate":31,"minecraft:acacia_planks":2,"minecraft:iron_leggings":2,"minecraft:wheat_seeds":56,"minecraft:water_bucket":85,"minecraft:amethyst_block":2,"minecraft:polished_andesite":26,"minecraft:spruce_sign":2,"minecraft:rail":2,"minecraft:terracotta":5,"minecraft:crafting_table":11,"minecraft:white_bed":5,"minecraft:smoker":1,"minecraft:apple":20,"minecraft:mangrove_propagule":2,"minecraft:iron_pickaxe":957,"minecraft:stone_slab":1,"minecraft:spruce_trapdoor":13,"minecraft:chiseled_stone_bricks":11,"minecraft:cobblestone":145,"minecraft:cobbled_deepslate_slab":8,"vanillaplustools:iron_hammer":295,"minecraft:porkchop":11,"minecraft:cooked_porkchop":26,"minecraft:bucket":84,"minecraft:dandelion":1},"minecraft:dropped":{"minecraft:iron_sword":2,"minecraft:soul_sand":1,"minecraft:moss_block":9,"minecraft:brown_mushroom":2,"minecraft:oak_log":137,"minecraft:crafting_table":2,"minecraft:glow_berries":60,"minecraft:chest_minecart":1,"minecraft:jungle_planks":1,"minecraft:iron_horse_armor":1,"minecraft:rail":20,"minecraft:red_mushroom":4,"minecraft:dirt":26,"minecraft:mutton":2,"gravestone:obituary":32,"minecraft:amethyst_shard":52,"iceandfire:ash":43,"minecraft:small_amethyst_bud":10,"minecraft:bone":15,"minecraft:blackstone":257,"minecraft:golden_chestplate":2,"minecraft:cobbled_deepslate":246,"minecraft:rotten_flesh":39,"minecraft:oak_planks":145,"minecraft:glowstone_dust":1,"minecraft:poppy":1,"minecraft:gunpowder":5,"minecraft:melon_seeds":14,"minecraft:acacia_sapling":10,"minecraft:ladder":1,"minecraft:spruce_slab":17,"minecraft:basalt":8,"minecraft:arrow":2,"minecraft:egg":2,"minecraft:enchanted_book":2,"minecraft:bread":2,"minecraft:iron_ingot":9,"minecraft:oak_slab":2,"minecraft:wheat_seeds":50,"minecraft:oak_fence":22,"minecraft:mangrove_propagule":6,"minecraft:cobblestone":13,"minecraft:iron_helmet":1,"minecraft:book":5,"minecraft:granite":79,"minecraft:activator_rail":1,"minecraft:acacia_log":87,"minecraft:acacia_trapdoor":9,"minecraft:coal":13,"minecraft:stick":25,"minecraft:gray_wool":6,"minecraft:diorite":210,"minecraft:torch":2,"minecraft:wooden_axe":2,"minecraft:iron_leggings":3,"minecraft:oak_stairs":2,"minecraft:smooth_stone":3,"minecraft:string":9,"minecraft:lily_pad":5,"minecraft:acacia_planks":2258,"minecraft:spruce_sapling":8,"minecraft:smooth_basalt":44,"minecraft:polished_deepslate":1,"minecraft:moss_carpet":2,"minecraft:kelp":64,"minecraft:tuff":3,"minecraft:white_carpet":2,"minecraft:clay_ball":4,"minecraft:iron_boots":1,"minecraft:red_terracotta":6,"minecraft:blast_furnace":1,"minecraft:stone":2,"minecraft:iron_chestplate":1,"minecraft:andesite":19,"minecraft:oak_sapling":8,"minecraft:spider_eye":16,"minecraft:bamboo":1,"minecraft:spruce_log":127,"minecraft:bow":6,"minecraft:wooden_pickaxe":1,"minecraft:magma_block":2,"minecraft:terracotta":4},"minecraft:mined":{"minecraft:large_amethyst_bud":5,"minecraft:white_bed":4,"minecraft:oak_sapling":6,"minecraft:jungle_leaves":2,"minecraft:spruce_trapdoor":13,"minecraft:cave_vines_plant":17,"minecraft:granite":79,"minecraft:acacia_log":7,"minecraft:grass_block":60,"minecraft:chiseled_stone_bricks":11,"minecraft:spawner":6,"minecraft:tall_seagrass":1,"minecraft:magma_block":40,"minecraft:glowstone":2,"minecraft:cobbled_deepslate":5,"minecraft:iron_ore":44,"minecraft:fire":3,"minecraft:deepslate_lapis_ore":33,"minecraft:cave_vines":46,"minecraft:dirt_path":18,"minecraft:oak_stairs":4,"minecraft:small_amethyst_bud":2,"minecraft:azalea":3,"minecraft:spruce_slab":2,"minecraft:deepslate_redstone_ore":5,"minecraft:blackstone":892,"minecraft:polished_deepslate_stairs":3,"minecraft:smoker":1,"minecraft:medium_amethyst_bud":1,"minecraft:amethyst_cluster":13,"minecraft:clay":12,"minecraft:torch":46,"minecraft:melon":22,"minecraft:spruce_wall_sign":1,"minecraft:cobblestone":26,"minecraft:sugar_cane":22,"minecraft:oak_planks":176,"minecraft:wall_torch":34,"minecraft:amethyst_block":2,"minecraft:deepslate_copper_ore":14,"minecraft:acacia_sapling":1,"minecraft:wheat":62,"minecraft:stone_brick_stairs":29,"minecraft:grass":107,"minecraft:oak_log":5,"minecraft:dirt":45,"minecraft:smooth_basalt":41,"minecraft:oak_leaves":4,"minecraft:deepslate":803,"minecraft:tuff":3,"minecraft:deepslate_diamond_ore":33,"gravestone:gravestone":16,"minecraft:jungle_planks":8,"minecraft:acacia_slab":6,"minecraft:moss_block":4,"minecraft:mangrove_propagule":1,"minecraft:large_fern":2,"minecraft:hay_block":86,"minecraft:redstone_ore":8,"minecraft:furnace":1,"minecraft:acacia_trapdoor":1,"minecraft:jungle_sapling":4,"minecraft:andesite":38,"minecraft:polished_deepslate":38,"minecraft:bookshelf":15,"minecraft:deepslate_iron_ore":67,"minecraft:vine":3,"minecraft:rail":7,"minecraft:bamboo_sapling":6,"minecraft:bamboo":18,"minecraft:stone":529,"minecraft:oak_slab":1,"minecraft:oak_fence":17,"minecraft:crafting_table":4,"minecraft:stone_slab":1,"minecraft:tall_grass":7,"minecraft:deepslate_coal_ore":31,"minecraft:deepslate_gold_ore":41,"minecraft:diorite":120,"minecraft:coarse_dirt":2,"minecraft:cobblestone_wall":5,"minecraft:spruce_log":3,"iceandfire:ash":44,"minecraft:coal_ore":30,"minecraft:gravel":4,"minecraft:acacia_door":6,"minecraft:cobweb":155,"minecraft:terracotta":5,"minecraft:acacia_planks":2,"minecraft:polished_andesite":22,"minecraft:stone_bricks":10,"minecraft:small_dripleaf":1,"minecraft:gold_ore":6,"minecraft:fern":7},"minecraft:killed_by":{"minecraft:player":1,"minecraft:skeleton":2},"minecraft:broken":{"minecraft:golden_shovel":1,"minecraft:iron_sword":1,"minecraft:iron_axe":6,"minecraft:iron_pickaxe":1,"minecraft:iron_helmet":1},"minecraft:crafted":{"minecraft:oak_planks":464,"minecraft:cooked_chicken":3,"sophisticatedbackpacks:crafting_upgrade":1,"sophisticatedbackpacks:smelting_upgrade":2,"vanillaplustools:iron_hammer":1,"minecraft:diamond_helmet":1,"minecraft:diamond_leggings":1,"sophisticatedbackpacks:copper_backpack":1,"minecraft:chest":13,"minecraft:oak_fence":12,"minecraft:cooked_porkchop":6,"minecraft:crafting_table":8,"minecraft:spruce_planks":140,"minecraft:wooden_pickaxe":1,"waystones:warp_stone":1,"sophisticatedbackpacks:upgrade_base":3,"minecraft:spruce_trapdoor":6,"minecraft:shield":1,"minecraft:stick":64,"minecraft:iron_ingot":8,"minecraft:iron_pickaxe":9,"minecraft:acacia_door":3,"minecraft:redstone_torch":4,"minecraft:cobbled_deepslate_slab":6,"minecraft:polished_deepslate_stairs":8,"minecraft:furnace":10,"minecraft:blast_furnace":1,"minecraft:bone_meal":18,"minecraft:polished_deepslate":316,"minecraft:iron_axe":6,"minecraft:ladder":6,"minecraft:spruce_slab":24,"minecraft:stone_pickaxe":1,"minecraft:cobblestone_wall":6,"minecraft:diamond_boots":1,"minecraft:cobbled_deepslate_stairs":8,"minecraft:wheat":756,"sophisticatedbackpacks:iron_backpack":2,"minecraft:cooked_beef":7,"minecraft:diamond_sword":1,"minecraft:spruce_sign":3,"minecraft:iron_sword":1,"minecraft:acacia_trapdoor":20,"sophisticatedbackpacks:gold_backpack":1,"minecraft:glowstone":1,"minecraft:bread":274,"minecraft:air":0,"minecraft:oak_boat":2,"minecraft:golden_apple":1,"minecraft:wooden_axe":2,"minecraft:oak_stairs":36,"minecraft:white_bed":1,"minecraft:acacia_planks":188,"minecraft:torch":32,"minecraft:diamond_chestplate":1}},"DataVersion":3465}