{"stats":{"minecraft:used":{"regions_unexplored:silt_dirt":3,"fishofthieves:leeches":1,"nature_arise:blueberries":7,"minecraft:trident":58,"minecraft:stone_sword":20,"minecraft:stone":26,"minecraft:iron_sword":54,"regions_unexplored:maple_planks":27,"minecraft:stick":2,"minecraft:torch":79,"fishofthieves:earthworms":1,"minecraft:wooden_axe":61,"regions_unexplored:maple_sapling":3,"minecraft:stone_bricks":1,"minecraft:sweet_berries":16,"minecraft:furnace":2,"ars_nouveau:sourceberry_bush":42,"minecraft:egg":2,"minecraft:cooked_beef":4,"regions_unexplored:red_maple_leaf_pile":2,"minecraft:cooked_mutton":6,"epicfight:skillbook":18,"fishofthieves:splashtail":1,"minecraft:stone_pickaxe":94,"minecraft:wooden_pickaxe":4,"minecraft:golden_apple":3,"minecraft:crafting_table":8,"cataclysm:lionfish":1,"minecraft:firework_rocket":3,"minecraft:apple":41,"born_in_chaos_v1:monster_flesh":2,"minecraft:string":1,"minecraft:iron_pickaxe":58,"minecraft:stone_axe":16,"twigs:twig":5,"minecraft:cobblestone":56,"minecraft:cooked_porkchop":1,"epicfight:diamond_longsword":60,"alexsmobs:animal_dictionary":1,"regions_unexplored:maple_boat":1,"regions_unexplored:red_maple_sapling":6,"epicfight:uchigatana":23},"minecraft:broken":{"minecraft:wooden_axe":1},"minecraft:crafted":{"regions_unexplored:maple_planks":196,"minecraft:furnace":1,"minecraft:cooked_mutton":6,"minecraft:stone_pickaxe":1,"minecraft:cooked_beef":4,"minecraft:diamond_sword":1,"epicfight:diamond_longsword":1,"minecraft:crafting_table":11,"minecraft:wooden_pickaxe":1,"minecraft:iron_sword":1,"regions_unexplored:maple_boat":2,"minecraft:stone_axe":2,"minecraft:air":0,"minecraft:iron_chestplate":1,"minecraft:stick":16,"minecraft:iron_ingot":6,"minecraft:iron_pickaxe":1,"minecraft:wooden_axe":1,"minecraft:stone_sword":1,"minecraft:gold_ingot":36},"minecraft:killed_by":{"born_in_chaos_v1:baby_skeleton_2":1,"minecraft:player":4,"minecraft:creeper":1,"born_in_chaos_v1:bonescaller":1,"creeperoverhaul:spruce_creeper":1,"minecraft:vex":1},"minecraft:killed":{"illagerinvasion:archivist":3,"minecraft:evoker":1,"minecraft:vindicator":3,"illagerinvasion:marauder":2,"minecraft:zombie_horse":1,"minecraft:skeleton":9,"illagerinvasion:provoker":1,"cataclysm:lionfish":1,"born_in_chaos_v1:diamond_termite":4,"minecraft:creeper":4,"minecraft:sheep":3,"minecraft:zombie":1,"born_in_chaos_v1:dread_hound":2,"born_in_chaos_v1:corpse_fly":2,"minecraft:cow":6},"minecraft:custom":{"lootr:looted_stat":49,"minecraft:mob_kills":48,"minecraft:interact_with_crafting_table":29,"minecraft:open_barrel":4,"minecraft:damage_dealt_resisted":120,"minecraft:leave_game":8,"minecraft:time_since_death":5839,"minecraft:climb_one_cm":3424,"minecraft:sprint_one_cm":615708,"minecraft:walk_one_cm":521356,"minecraft:drop":80,"minecraft:damage_dealt_absorbed":463,"minecraft:talked_to_villager":10,"minecraft:play_time":133476,"minecraft:deaths":10,"minecraft:sneak_time":6513,"minecraft:walk_under_water_one_cm":52413,"minecraft:jump":1438,"minecraft:walk_on_water_one_cm":47106,"minecraft:total_world_time":133476,"minecraft:interact_with_furnace":10,"minecraft:time_since_rest":5864,"minecraft:waystone_activated":2,"minecraft:damage_absorbed":97,"minecraft:damage_taken":7296,"minecraft:damage_dealt":10936,"minecraft:swim_one_cm":217101,"minecraft:fly_one_cm":665149,"minecraft:player_kills":5,"minecraft:open_chest":3,"minecraft:crouch_one_cm":48379,"minecraft:fall_one_cm":51172,"minecraft:inspect_dispenser":2},"minecraft:picked_up":{"minecraft:crafting_table":4,"born_in_chaos_v1:diamond_termite_shard":3,"born_in_chaos_v1:seedof_chaos":2,"regions_unexplored:silt_dirt":28,"minecraft:gold_block":2,"regions_unexplored:maple_boat":1,"regions_unexplored:red_maple_leaf_pile":2,"minecraft:cornflower":1,"minecraft:string":1,"minecraft:iron_axe":1,"minecraft:cobbled_deepslate":32,"minecraft:beef":14,"minecraft:spruce_trapdoor":6,"minecraft:egg":2,"minecraft:furnace":1,"minecraft:raw_iron":13,"minecraft:stick":6,"nature_arise:fir_log":85,"minecraft:torch":13,"epicfight:skillbook":8,"minecraft:diorite":3,"minecraft:trident":2,"born_in_chaos_v1:pieceofdarkmetal":1,"vampirism:enhanced_crossbow":1,"minecraft:green_terracotta":1,"minecraft:arrow":29,"ars_elemental:fire_caster_tome":1,"regions_unexplored:maple_sapling":3,"minecraft:red_tulip":2,"ars_nouveau:sourceberry_bush":39,"minecraft:mutton":6,"minecraft:white_wool":3,"minecraft:cobblestone":77,"vampirism:vampire_book":1,"regions_unexplored:hanging_prismarite":5,"born_in_chaos_v1:monster_flesh":2,"minecraft:leather":9,"nature_arise:blueberries":7,"ars_nouveau:wilden_wing":1,"evilcraft:flesh_humanoid":4,"regions_unexplored:red_maple_sapling":6,"minecraft:gunpowder":5,"minecraft:bone":29,"minecraft:apple":1,"minecraft:stone_bricks":1,"minecraft:bow":2,"minecraft:gray_terracotta":1,"minecraft:wheat_seeds":2,"minecraft:iron_ingot":3,"twigs:twig":11,"minecraft:moss_block":26,"minecraft:book":1,"nature_arise:fir_sapling":12,"minecraft:sweet_berries":12,"epicfight:uchigatana":2,"minecraft:spruce_sapling":1,"minecraft:leather_helmet":2,"cataclysm:lionfish":1,"waystones:waystone":2,"regions_unexplored:clover":2,"regions_unexplored:maple_log":49,"minecraft:golden_apple":1,"minecraft:emerald":6,"minecraft:coal":10},"minecraft:dropped":{"minecraft:iron_sword":1,"minecraft:moss_block":1,"minecraft:wheat_seeds":1,"vampirism:vampire_book":1,"minecraft:cobblestone":8,"minecraft:apple":22,"born_in_chaos_v1:pieceofdarkmetal":1,"minecraft:leather_helmet":2,"regions_unexplored:maple_planks":64,"minecraft:stick":3,"ars_nouveau:worn_notebook":1,"minecraft:diorite":3,"minecraft:torch":9,"nature_arise:fir_sapling":12,"vampirism:enhanced_crossbow":1,"nature_arise:fir_log":21,"ars_nouveau:wilden_wing":1,"twigs:twig":6,"minecraft:spruce_sapling":1,"minecraft:bone":31,"minecraft:stone_axe":1,"epicfight:uchigatana":3,"alexsmobs:animal_dictionary":1,"minecraft:stone_sword":1,"nature_arise:blueberries":1,"regions_unexplored:clover":2,"evilcraft:flesh_humanoid":4,"regions_unexplored:maple_boat":1,"minecraft:gray_terracotta":1,"born_in_chaos_v1:seedof_chaos":2,"minecraft:trident":2,"minecraft:gunpowder":1,"regions_unexplored:hanging_prismarite":5,"minecraft:arrow":28,"minecraft:bow":2,"ars_elemental:fire_caster_tome":1,"minecraft:stone_pickaxe":1,"minecraft:wooden_pickaxe":1,"epicfight:skillbook":7,"ars_nouveau:wixie_shards":1},"minecraft:mined":{"minecraft:yellow_terracotta":1,"minecraft:red_carpet":1,"minecraft:spruce_planks":1,"regions_unexplored:maple_log":62,"farmersdelight:wild_carrots":1,"born_in_chaos_v1:infected_diamond_ore":2,"regions_unexplored:hanging_prismarite":1,"minecraft:spruce_leaves":1,"ars_nouveau:sourceberry_bush":20,"minecraft:moss_block":1,"minecraft:large_fern":6,"regions_unexplored:stone_bud":1,"minecraft:furnace":1,"minecraft:iron_ore":9,"minecraft:green_terracotta":1,"minecraft:gold_block":2,"minecraft:deepslate_iron_ore":4,"regions_unexplored:medium_grass":2,"minecraft:stone":74,"regions_unexplored:silt_grass_block":5,"regions_unexplored:felicia_daisy":1,"minecraft:crafting_table":4,"minecraft:torch":5,"regions_unexplored:silt_dirt":7,"minecraft:cobblestone":5,"nature_arise:blueberry_bush":3,"minecraft:wall_torch":4,"supplementaries:urn":1,"minecraft:sweet_berry_bush":6,"regions_unexplored:red_maple_leaf_pile":1,"minecraft:coal_ore":9,"regions_unexplored:clover":1,"minecraft:cobweb":1,"minecraft:stone_bricks":1,"minecraft:deepslate":29,"minecraft:fern":4}},"DataVersion":3465}