{"stats":{"minecraft:used":{"minecraft:trident":6,"nature_arise:blueberries":1,"epicfight:skillbook":20,"minecraft:oak_planks":13,"minecraft:iron_sword":20,"minecraft:leather_boots":1,"minecraft:rotten_flesh":4,"minecraft:torch":2,"minecraft:golden_apple":3,"minecraft:spyglass":3,"minecraft:crafting_table":3,"endrem:rogue_eye":1,"minecraft:apple":8,"minecraft:bread":30,"wom:tormented_mind":41,"minecraft:leather_helmet":1,"evilcraft:flesh_humanoid":1,"minecraft:red_carpet":1,"minecraft:cobblestone":1,"travelersbackpack:standard":1,"minecraft:egg":1,"minecraft:cooked_beef":1,"epicfight:uchigatana":53},"minecraft:crafted":{"minecraft:oak_planks":56,"minecraft:crafting_table":3,"minecraft:spruce_planks":12,"minecraft:iron_chestplate":1,"minecraft:golden_apple":2,"minecraft:iron_leggings":1,"minecraft:gold_ingot":18},"minecraft:killed_by":{"minecraft:player":5,"minecraft:cave_spider":1},"minecraft:killed":{"ars_elemental:summon_strider":1,"born_in_chaos_v1:zombie_clown_not_despawn":1,"minecraft:vindicator":3,"minecraft:spider":1,"illagerinvasion:marauder":2,"illagerinvasion:basher":1,"minecraft:guardian":1,"illagerinvasion:provoker":1},"minecraft:custom":{"lootr:looted_stat":50,"minecraft:mob_kills":11,"minecraft:interact_with_crafting_table":4,"minecraft:interact_with_cartography_table":1,"minecraft:open_barrel":6,"minecraft:interact_with_grindstone":1,"minecraft:leave_game":1,"minecraft:time_since_death":38477,"minecraft:climb_one_cm":8315,"minecraft:time_since_rest":38502,"minecraft:sprint_one_cm":889594,"minecraft:damage_absorbed":91,"minecraft:damage_taken":5123,"minecraft:walk_one_cm":618963,"minecraft:drop":96,"minecraft:damage_dealt":4502,"minecraft:swim_one_cm":144659,"minecraft:talked_to_villager":15,"minecraft:fly_one_cm":1120348,"minecraft:player_kills":4,"minecraft:open_chest":16,"minecraft:crouch_one_cm":8760,"minecraft:play_time":79150,"minecraft:deaths":10,"minecraft:sneak_time":1894,"minecraft:walk_under_water_one_cm":35535,"minecraft:jump":610,"minecraft:walk_on_water_one_cm":80020,"minecraft:total_world_time":79150,"minecraft:fall_one_cm":23086},"minecraft:picked_up":{"minecraft:dune_armor_trim_smithing_template":2,"endrem:magical_eye":1,"vampirism:vampire_book":2,"minecraft:flower_pot":1,"oceansdelight:guardian":2,"nature_arise:blueberries":4,"ars_nouveau:wilden_wing":2,"minecraft:brown_concrete":1,"create:raw_zinc":1,"evilcraft:flesh_humanoid":1,"minecraft:gunpowder":2,"minecraft:paper":1,"minecraft:dirt":15,"minecraft:string":2,"minecraft:coast_armor_trim_smithing_template":2,"born_in_chaos_v1:intoxicating_decoction":2,"minecraft:red_carpet":1,"minecraft:apple":22,"minecraft:kelp":1,"minecraft:spruce_planks":1,"minecraft:spore_blossom":1,"minecraft:iron_ingot":5,"minecraft:iron_nugget":6,"minecraft:moss_block":1,"twigs:twig":5,"minecraft:iron_sword":1,"minecraft:egg":1,"minecraft:book":1,"minecraft:stick":6,"nature_arise:fir_sapling":3,"minecraft:torch":11,"epicfight:skillbook":13,"minecraft:spruce_sapling":1,"epicfight:uchigatana":3,"minecraft:dead_bush":2,"minecraft:trident":3,"minecraft:diorite":12,"vampirism:amulet":1,"minecraft:spruce_log":3,"minecraft:carrot":1,"ars_nouveau:wixie_shards":2,"minecraft:leather_helmet":1,"minecraft:oak_wood":15,"wom:tormented_mind":1,"minecraft:arrow":2,"minecraft:rotten_flesh":4,"minecraft:diamond":1,"minecraft:peony":1,"regions_unexplored:clover":4,"minecraft:iron_helmet":1,"minecraft:totem_of_undying":1,"minecraft:emerald":3,"minecraft:gold_ingot":3,"minecraft:cobblestone":1},"minecraft:mined":{"minecraft:glass_pane":1,"minecraft:kelp_plant":1,"minecraft:potted_dead_bush":1,"minecraft:torch":1,"minecraft:tall_grass":1,"minecraft:spruce_leaves":2,"nature_arise:fir_leaves":2,"minecraft:kelp":2,"regions_unexplored:large_prismarite_cluster":1,"minecraft:wall_torch":2,"minecraft:large_fern":1,"minecraft:black_stained_glass_pane":2,"minecraft:spruce_log":4,"graveyard:skull_pile":1,"minecraft:grass":3,"minecraft:red_tulip":1,"minecraft:black_candle":1,"minecraft:cobweb":1,"minecraft:fern":4},"minecraft:dropped":{"minecraft:enchanted_book":1,"minecraft:iron_ingot":3,"minecraft:iron_sword":1,"minecraft:kelp":1,"minecraft:moss_block":1,"minecraft:iron_nugget":3,"epicfight:uchigatana":4,"minecraft:spore_blossom":1,"vampirism:vampire_book":3,"vampirism:obi_belt":1,"vampirism:hunter_axe_enhanced":2,"vampirism:heart_seeker_enhanced":1,"nature_arise:blueberries":3,"minecraft:iron_helmet":1,"minecraft:rotten_flesh":4,"regions_unexplored:clover":4,"minecraft:golden_apple":1,"vampirism:amulet":2,"minecraft:carrot":2,"minecraft:leather_helmet":2,"vampirism:hunter_coat_feet_ultimate":1,"minecraft:stick":3,"minecraft:trident":2,"minecraft:gunpowder":2,"minecraft:diorite":12,"minecraft:dune_armor_trim_smithing_template":2,"minecraft:peony":1,"minecraft:spruce_planks":8,"minecraft:oak_wood":1,"minecraft:coast_armor_trim_smithing_template":4,"vampirism:enhanced_crossbow":1,"minecraft:dead_bush":1,"wom:tormented_mind":1,"minecraft:string":2,"vampirism:garlic_bread":9,"create:raw_zinc":1,"minecraft:brown_concrete":1,"epicfight:skillbook":16,"ars_nouveau:wilden_wing":2,"ars_nouveau:wixie_shards":1}},"DataVersion":3465}