{"stats":{"minecraft:killed_by":{"minecraft:player":14,"minecraft:cave_spider":1},"minecraft:used":{"nature_arise:blueberries":1,"minecraft:trident":6,"born_in_chaos_v1:intoxicating_decoction":1,"ad_astra:aeronos_cap":1,"minecraft:iron_sword":20,"minecraft:rotten_flesh":4,"minecraft:torch":2,"minecraft:spyglass":4,"minecraft:deepslate_brick_slab":5,"stalwart_dungeons:diamond_hammer":66,"wom:tormented_mind":78,"evilcraft:flesh_humanoid":1,"minecraft:red_carpet":1,"evilcraft:obscured_glass":1,"minecraft:egg":1,"minecraft:cooked_beef":1,"minecraft:cobbled_deepslate":30,"minecraft:water_bucket":12,"epicfight:skillbook":21,"minecraft:oak_planks":13,"minecraft:leather_boots":1,"minecraft:deepslate_bricks":368,"minecraft:golden_apple":3,"minecraft:crafting_table":4,"nethers_exoticism:jaboticaba_juice_night_vision":2,"endrem:rogue_eye":1,"nature_arise:fir_sign":4,"minecraft:apple":10,"minecraft:bread":36,"minecraft:leather_helmet":1,"minecraft:cobblestone":3,"travelersbackpack:standard":1,"minecraft:bucket":11,"epicfight:uchigatana":53},"minecraft:dropped":{"minecraft:enchanted_book":1,"minecraft:iron_ingot":3,"born_in_chaos_v1:intoxicating_decoction":2,"minecraft:iron_sword":1,"minecraft:moss_block":1,"ad_astra:aeronos_cap":1,"minecraft:glass_bottle":3,"minecraft:spore_blossom":1,"vampirism:vampire_book":3,"minecraft:bookshelf":1,"vampirism:hunter_axe_enhanced":2,"vampirism:heart_seeker_enhanced":1,"minecraft:iron_helmet":1,"vampirism:hunter_coat_feet_ultimate":1,"vampirism:amulet":2,"minecraft:coal":1,"minecraft:leather_helmet":2,"minecraft:golden_apple":1,"minecraft:stick":3,"minecraft:diorite":12,"minecraft:coast_armor_trim_smithing_template":4,"vampirism:enhanced_crossbow":1,"minecraft:dead_bush":1,"alexsmobs:skelewag_sword_inventory":1,"wom:tormented_mind":1,"minecraft:string":2,"vampirism:garlic_bread":9,"create:raw_zinc":1,"ars_nouveau:wilden_wing":2,"minecraft:kelp":1,"minecraft:iron_nugget":3,"epicfight:uchigatana":4,"vampirism:obi_belt":1,"nature_arise:blueberries":3,"minecraft:rotten_flesh":12,"regions_unexplored:clover":4,"minecraft:carrot":2,"patchouli:guide_book":1,"evilcraft:obscured_glass":1,"supplementaries:ash":1,"minecraft:trident":2,"minecraft:gunpowder":2,"minecraft:diamond_chestplate":1,"minecraft:peony":1,"minecraft:dune_armor_trim_smithing_template":2,"minecraft:spruce_planks":8,"minecraft:oak_wood":1,"advancednetherite:netherite_diamond_pickaxe":1,"minecraft:arrow":2,"epicfight:skillbook":16,"ars_nouveau:wixie_shards":2,"minecraft:brown_concrete":1},"minecraft:custom":{"lootr:looted_stat":59,"minecraft:mob_kills":27,"minecraft:interact_with_crafting_table":5,"minecraft:open_barrel":6,"minecraft:leave_game":2,"minecraft:time_since_death":51044,"minecraft:climb_one_cm":14104,"minecraft:sprint_one_cm":1201752,"minecraft:walk_one_cm":1128992,"minecraft:drop":115,"minecraft:talked_to_villager":15,"minecraft:play_time":161658,"minecraft:deaths":20,"minecraft:sneak_time":4004,"minecraft:walk_under_water_one_cm":36195,"minecraft:jump":1298,"minecraft:walk_on_water_one_cm":120656,"minecraft:total_world_time":161658,"minecraft:interact_with_furnace":1,"minecraft:interact_with_cartography_table":1,"minecraft:interact_with_grindstone":1,"minecraft:time_since_rest":51071,"minecraft:damage_taken":18033,"minecraft:damage_absorbed":91,"minecraft:damage_dealt":10848,"minecraft:swim_one_cm":149340,"minecraft:fly_one_cm":1343832,"minecraft:player_kills":10,"minecraft:open_chest":28,"minecraft:crouch_one_cm":31544,"minecraft:fall_one_cm":70911},"minecraft:mined":{"minecraft:infested_deepslate":1,"ad_astra:aeronos_cap":1,"minecraft:potted_dead_bush":1,"connectedglass:clear_glass_pane":6,"minecraft:deepslate_bricks":22,"minecraft:spruce_leaves":2,"minecraft:kelp":2,"nature_arise:fir_leaves":2,"regions_unexplored:large_prismarite_cluster":1,"minecraft:large_fern":1,"minecraft:black_stained_glass_pane":2,"nature_arise:fir_wall_sign":2,"minecraft:cobbled_deepslate":10,"minecraft:deepslate_lapis_ore":4,"minecraft:red_tulip":1,"minecraft:black_candle":1,"botania:pure_daisy":2,"minecraft:glass_pane":1,"minecraft:kelp_plant":1,"minecraft:torch":1,"minecraft:tall_grass":1,"minecraft:wall_torch":2,"minecraft:birch_log":1,"minecraft:spruce_log":4,"graveyard:skull_pile":1,"evilcraft:obscured_glass":1,"minecraft:grass":3,"minecraft:cobweb":1,"minecraft:deepslate":22,"minecraft:fern":4},"minecraft:killed":{"born_in_chaos_v1:zombie_clown":1,"born_in_chaos_v1:zombie_clown_not_despawn":1,"minecraft:vindicator":3,"minecraft:spider":1,"illagerinvasion:marauder":2,"illagerinvasion:basher":1,"born_in_chaos_v1:maggot":10,"minecraft:skeleton":1,"minecraft:guardian":1,"illagerinvasion:provoker":1,"born_in_chaos_v1:barrel_zombie":1,"ars_elemental:summon_strider":1,"minecraft:zombie":3},"minecraft:picked_up":{"endrem:magical_eye":1,"minecraft:flower_pot":1,"minecraft:string":2,"born_in_chaos_v1:intoxicating_decoction":5,"nature_arise:fir_sign":4,"minecraft:cobbled_deepslate":59,"minecraft:bucket":3,"twigs:pebble":5,"minecraft:spruce_planks":1,"minecraft:sugar_cane":2,"minecraft:iron_nugget":6,"minecraft:egg":1,"minecraft:stick":6,"minecraft:torch":11,"epicfight:skillbook":15,"minecraft:diorite":19,"minecraft:carrot":2,"minecraft:trident":3,"vampirism:amulet":1,"ars_nouveau:wixie_shards":2,"minecraft:zombie_spawn_egg":1,"wom:tormented_mind":1,"minecraft:arrow":2,"minecraft:rotten_flesh":35,"minecraft:peony":1,"ad_astra:aeronos_cap":1,"minecraft:deepslate_bricks":422,"evilcraft:obscured_glass":2,"minecraft:totem_of_undying":1,"minecraft:gold_ingot":3,"supplementaries:ash":2,"minecraft:cobblestone":4,"minecraft:birch_log":1,"born_in_chaos_v1:corpse_maggot":4,"minecraft:dune_armor_trim_smithing_template":2,"vampirism:vampire_book":2,"minecraft:glow_ink_sac":2,"minecraft:salmon":1,"ars_nouveau:wilden_wing":2,"oceansdelight:guardian":2,"nature_arise:blueberries":4,"stalwart_dungeons:diamond_hammer":1,"minecraft:brown_concrete":1,"create:raw_zinc":1,"evilcraft:flesh_humanoid":2,"minecraft:gunpowder":2,"minecraft:lapis_lazuli":28,"minecraft:paper":1,"minecraft:dirt":15,"minecraft:coast_armor_trim_smithing_template":2,"minecraft:red_carpet":1,"minecraft:apple":22,"minecraft:kelp":1,"minecraft:spore_blossom":1,"minecraft:iron_ingot":5,"minecraft:glass_bottle":1,"minecraft:moss_block":1,"twigs:twig":5,"minecraft:iron_sword":1,"minecraft:book":1,"nature_arise:fir_sapling":3,"minecraft:gravel":8,"minecraft:spruce_sapling":1,"epicfight:uchigatana":3,"minecraft:spruce_log":3,"minecraft:dead_bush":2,"minecraft:leather_helmet":1,"minecraft:oak_wood":15,"minecraft:diamond":1,"regions_unexplored:clover":4,"minecraft:iron_helmet":1,"minecraft:emerald":3,"minecraft:coal":1},"minecraft:crafted":{"minecraft:oak_planks":56,"minecraft:crafting_table":4,"minecraft:spruce_planks":12,"minecraft:deepslate_brick_slab":6,"minecraft:birch_planks":4,"minecraft:iron_chestplate":1,"minecraft:golden_apple":2,"minecraft:gold_ingot":18,"minecraft:iron_leggings":1},"minecraft:broken":{"minecraft:iron_leggings":1,"minecraft:leather_boots":1,"minecraft:iron_helmet":1}},"DataVersion":3465}