{"stats":{"minecraft:dropped":{"iceandfire:raw_silver":2,"minecraft:brown_mushroom":2,"minecraft:glow_ink_sac":13,"minecraft:crafting_table":3,"minecraft:cooked_porkchop":12,"minecraft:red_mushroom":1,"minecraft:wooden_axe":2,"gravestone:obituary":2,"minecraft:string":3,"minecraft:acacia_planks":1,"minecraft:spruce_sapling":1,"minecraft:cobbled_deepslate":46,"minecraft:stone_sword":1,"minecraft:pointed_dripstone":1,"minecraft:rotten_flesh":1,"minecraft:white_bed":1,"minecraft:carrot":1,"minecraft:howl_pottery_sherd":1,"minecraft:acacia_sapling":4,"minecraft:blue_orchid":1,"minecraft:stone_pickaxe":2,"minecraft:wooden_pickaxe":1,"iceandfire:silver_pickaxe":3,"minecraft:brick":3},"minecraft:killed":{"minecraft:spider":8,"minecraft:skeleton":7,"minecraft:chicken":3,"minecraft:pig":12,"minecraft:bat":1,"minecraft:creeper":2,"minecraft:sheep":9,"minecraft:pillager":3,"minecraft:zombie":22,"minecraft:cow":13},"minecraft:used":{"minecraft:stone_sword":168,"minecraft:spruce_planks":4,"minecraft:decorated_pot":1,"minecraft:shield":26,"minecraft:iron_sword":54,"minecraft:cooked_chicken":1,"minecraft:torch":188,"minecraft:dirt":1,"minecraft:acacia_sapling":5,"minecraft:wooden_axe":17,"minecraft:iron_boots":1,"minecraft:furnace":1,"minecraft:cooked_beef":10,"minecraft:acacia_planks":103,"minecraft:iron_leggings":1,"minecraft:pointed_dripstone":1,"minecraft:cooked_mutton":10,"minecraft:stone_pickaxe":184,"minecraft:wooden_pickaxe":4,"minecraft:blue_bed":4,"minecraft:white_wool":1,"minecraft:crafting_table":12,"minecraft:blast_furnace":6,"minecraft:smoker":7,"iceandfire:silver_pickaxe":97,"minecraft:cornflower":1,"minecraft:brown_wool":1,"minecraft:iron_pickaxe":107,"minecraft:stone_axe":26,"minecraft:cobblestone":51,"minecraft:cooked_porkchop":5},"minecraft:custom":{"minecraft:mob_kills":81,"minecraft:interact_with_crafting_table":31,"minecraft:open_barrel":7,"minecraft:leave_game":3,"minecraft:time_since_death":53146,"minecraft:sprint_one_cm":358378,"minecraft:walk_one_cm":255341,"minecraft:damage_blocked_by_shield":1725,"minecraft:drop":37,"minecraft:play_time":108367,"minecraft:deaths":2,"minecraft:sneak_time":6087,"minecraft:walk_under_water_one_cm":736,"minecraft:jump":3022,"minecraft:interact_with_blast_furnace":27,"minecraft:walk_on_water_one_cm":6348,"minecraft:total_world_time":108367,"minecraft:interact_with_furnace":16,"minecraft:sleep_in_bed":3,"minecraft:time_since_rest":53174,"minecraft:damage_taken":2193,"minecraft:damage_dealt":11589,"minecraft:swim_one_cm":6718,"minecraft:fly_one_cm":567794,"minecraft:player_kills":2,"minecraft:open_chest":2,"minecraft:crouch_one_cm":17244,"minecraft:interact_with_smoker":37,"minecraft:fall_one_cm":102382},"minecraft:killed_by":{"minecraft:stray":1,"minecraft:skeleton":1},"minecraft:picked_up":{"minecraft:crafting_table":12,"minecraft:chicken":1,"minecraft:brown_mushroom":2,"gravestone:obituary":1,"minecraft:brick":3,"minecraft:cornflower":4,"minecraft:string":5,"minecraft:blue_orchid":1,"minecraft:cobbled_deepslate":46,"minecraft:beef":23,"minecraft:light_gray_wool":1,"minecraft:sugar_cane":30,"minecraft:furnace":1,"minecraft:stick":7,"minecraft:raw_iron":45,"minecraft:torch":8,"minecraft:acacia_log":76,"minecraft:porkchop":19,"minecraft:pointed_dripstone":2,"minecraft:carrot":1,"minecraft:howl_pottery_sherd":2,"minecraft:arrow":8,"minecraft:rotten_flesh":27,"minecraft:decorated_pot":1,"minecraft:mutton":13,"minecraft:cobblestone":108,"minecraft:white_wool":6,"minecraft:feather":4,"minecraft:glow_ink_sac":13,"minecraft:brown_wool":1,"minecraft:leather":13,"minecraft:smoker":7,"minecraft:red_mushroom":1,"minecraft:gunpowder":3,"minecraft:blue_bed":3,"minecraft:dirt":1,"minecraft:lapis_lazuli":6,"minecraft:white_banner":1,"minecraft:bone":9,"minecraft:acacia_planks":8,"minecraft:raw_gold":9,"minecraft:iron_ingot":6,"minecraft:acacia_sapling":9,"minecraft:cooked_porkchop":10,"minecraft:dripstone_block":9,"minecraft:stripped_spruce_log":10,"minecraft:spruce_sapling":1,"minecraft:blast_furnace":6,"minecraft:white_bed":1,"minecraft:spider_eye":2,"iceandfire:silver_pickaxe":3,"minecraft:black_wool":1,"minecraft:coal":264,"iceandfire:raw_silver":2},"minecraft:mined":{"iceandfire:silver_ore":2,"minecraft:spruce_trapdoor":1,"gravestone:gravestone":2,"minecraft:budding_amethyst":2,"minecraft:allium":1,"minecraft:acacia_log":3,"minecraft:decorated_pot":2,"minecraft:spruce_leaves":6,"minecraft:furnace":1,"minecraft:nether_sprouts":2,"minecraft:iron_ore":58,"minecraft:andesite":3,"minecraft:stripped_spruce_log":12,"minecraft:pointed_dripstone":4,"minecraft:deepslate_iron_ore":1,"minecraft:azalea_leaves":1,"minecraft:blue_orchid":1,"minecraft:stone":102,"minecraft:smoker":7,"minecraft:crafting_table":10,"minecraft:cornflower":3,"minecraft:torch":6,"minecraft:blast_furnace":6,"minecraft:calcite":3,"minecraft:tall_grass":1,"minecraft:cobblestone":8,"minecraft:lapis_ore":1,"minecraft:deepslate_gold_ore":9,"minecraft:sugar_cane":12,"minecraft:blue_bed":4,"minecraft:wall_torch":2,"minecraft:amethyst_block":5,"minecraft:acacia_sapling":1,"minecraft:birch_leaves":1,"minecraft:grass":4,"minecraft:oak_log":1,"minecraft:coal_ore":113,"minecraft:dripstone_block":2,"minecraft:smooth_basalt":10,"minecraft:acacia_planks":6,"minecraft:deepslate":49},"minecraft:crafted":{"minecraft:smooth_stone":3,"minecraft:cooked_chicken":1,"minecraft:furnace":2,"minecraft:blast_furnace":1,"minecraft:stone":3,"minecraft:cooked_mutton":11,"minecraft:iron_boots":1,"minecraft:stone_pickaxe":2,"minecraft:smoker":1,"minecraft:cooked_beef":14,"minecraft:cooked_porkchop":7,"minecraft:crafting_table":4,"minecraft:spruce_planks":40,"minecraft:wooden_pickaxe":1,"minecraft:iron_helmet":1,"minecraft:iron_sword":1,"minecraft:blue_bed":1,"minecraft:stone_axe":1,"minecraft:air":0,"minecraft:blue_dye":3,"minecraft:iron_chestplate":1,"minecraft:shield":2,"minecraft:stick":96,"minecraft:iron_pickaxe":1,"minecraft:iron_ingot":36,"minecraft:wooden_axe":2,"minecraft:stone_sword":2,"minecraft:blue_wool":3,"minecraft:iron_leggings":1,"minecraft:white_bed":1,"minecraft:acacia_planks":288,"minecraft:torch":224}},"DataVersion":3465}