{"stats":{"minecraft:killed":{"minecraft:evoker":4,"minecraft:vex":1,"iceandfire:hippogryph":1,"minecraft:witch":2,"minecraft:spider":8,"minecraft:vindicator":12,"minecraft:horse":2,"minecraft:skeleton":20,"minecraft:pig":27,"minecraft:creeper":8,"minecraft:sheep":13,"minecraft:pillager":21,"minecraft:zombie":29,"iceandfire:ghost":2,"minecraft:cow":24},"minecraft:picked_up":{"minecraft:wooden_axe":1,"minecraft:cocoa_beans":10,"minecraft:charcoal":105,"minecraft:crafting_table":21,"minecraft:birch_door":12,"minecraft:wheat":2,"gravestone:obituary":15,"iceandfire:manuscript":3,"minecraft:string":9,"minecraft:moss_carpet":1,"minecraft:iron_axe":1,"minecraft:acacia_door":1,"minecraft:blackstone":7,"minecraft:smooth_stone":3,"minecraft:cobbled_deepslate":39,"minecraft:beef":58,"minecraft:oak_boat":3,"minecraft:jungle_sapling":1,"minecraft:poppy":1,"minecraft:light_gray_wool":1,"minecraft:sugar_cane":143,"minecraft:birch_sapling":1,"minecraft:furnace":4,"minecraft:stick":14,"minecraft:raw_iron":156,"minecraft:copper_ingot":1,"minecraft:torch":5,"minecraft:acacia_log":8,"sophisticatedbackpacks:backpack":1,"minecraft:porkchop":36,"iceandfire:crackled_gravel":1,"minecraft:redstone":1,"minecraft:arrow":18,"minecraft:rotten_flesh":22,"minecraft:hay_block":20,"minecraft:totem_of_undying":1,"sophisticatedbackpacks:copper_backpack":1,"minecraft:glow_berries":2,"minecraft:mutton":11,"minecraft:skeleton_skull":1,"minecraft:white_wool":3,"minecraft:cobblestone":174,"minecraft:oxeye_daisy":1,"minecraft:birch_log":14,"minecraft:magma_block":1,"minecraft:feather":5,"minecraft:cooked_beef":3,"minecraft:andesite":3,"minecraft:jungle_log":14,"minecraft:leather":28,"minecraft:smoker":7,"minecraft:birch_planks":38,"minecraft:flint":1,"minecraft:tuff":1,"iceandfire:hippogryph_talon":1,"minecraft:oak_log":28,"minecraft:yellow_bed":8,"minecraft:gunpowder":2,"minecraft:lapis_lazuli":101,"minecraft:dirt":1,"minecraft:white_banner":2,"minecraft:cooked_mutton":6,"minecraft:bone":36,"minecraft:apple":1,"minecraft:bow":1,"minecraft:wheat_seeds":11,"minecraft:raw_gold":37,"minecraft:iron_ingot":6,"minecraft:oak_planks":8,"minecraft:acacia_sapling":1,"iceandfire:copper_nugget":2,"minecraft:smooth_basalt":1,"minecraft:dandelion":3,"waystones:mossy_waystone":2,"minecraft:gravel":2,"minecraft:sand":11,"minecraft:spruce_sapling":1,"minecraft:blast_furnace":5,"minecraft:spruce_log":133,"minecraft:white_bed":2,"minecraft:spider_eye":2,"minecraft:diamond":26,"minecraft:crossbow":1,"minecraft:granite":1,"minecraft:gray_wool":2,"minecraft:oak_sapling":7,"minecraft:dark_oak_fence":1,"minecraft:coal":537},"minecraft:custom":{"minecraft:mob_kills":184,"minecraft:interact_with_crafting_table":51,"minecraft:bell_ring":6,"minecraft:leave_game":7,"minecraft:time_since_death":24670,"minecraft:climb_one_cm":5312,"minecraft:sprint_one_cm":828938,"minecraft:walk_one_cm":466781,"minecraft:damage_blocked_by_shield":8635,"minecraft:drop":78,"minecraft:damage_dealt_absorbed":80,"minecraft:raid_win":1,"minecraft:play_time":283949,"minecraft:sneak_time":14074,"minecraft:deaths":15,"minecraft:walk_under_water_one_cm":72336,"minecraft:boat_one_cm":79972,"minecraft:jump":8085,"minecraft:interact_with_blast_furnace":34,"minecraft:walk_on_water_one_cm":90323,"minecraft:total_world_time":283949,"minecraft:interact_with_furnace":35,"minecraft:sleep_in_bed":8,"minecraft:time_since_rest":24706,"minecraft:waystone_activated":1,"minecraft:damage_taken":12351,"minecraft:trigger_trapped_chest":5,"minecraft:damage_dealt":33445,"minecraft:swim_one_cm":297190,"minecraft:player_kills":1,"minecraft:fly_one_cm":1874707,"minecraft:open_chest":13,"minecraft:crouch_one_cm":29284,"minecraft:interact_with_smoker":39,"minecraft:fall_one_cm":248449},"minecraft:used":{"minecraft:stone_sword":136,"minecraft:redstone":1,"minecraft:spruce_planks":4,"minecraft:shield":114,"minecraft:iron_sword":59,"minecraft:iron_chestplate":1,"minecraft:oak_door":1,"minecraft:torch":127,"minecraft:acacia_sapling":1,"minecraft:tuff":1,"minecraft:granite":1,"minecraft:jungle_sapling":1,"minecraft:birch_door":13,"minecraft:spruce_boat":1,"minecraft:wooden_axe":9,"iceandfire:hippogryph_sword":263,"minecraft:iron_axe":77,"minecraft:iron_helmet":2,"minecraft:totem_of_undying":1,"minecraft:magma_block":1,"minecraft:bow":4,"minecraft:oak_sapling":4,"minecraft:furnace":4,"minecraft:cooked_beef":35,"minecraft:cobbled_deepslate":36,"minecraft:cooked_mutton":7,"minecraft:water_bucket":18,"minecraft:birch_planks":6,"minecraft:oak_planks":6,"minecraft:stone_pickaxe":57,"minecraft:blackstone":7,"minecraft:wooden_pickaxe":7,"minecraft:white_wool":3,"minecraft:crafting_table":24,"minecraft:blast_furnace":5,"minecraft:white_bed":1,"minecraft:crossbow":7,"minecraft:smoker":7,"minecraft:apple":1,"minecraft:acacia_door":1,"waystones:mossy_waystone":1,"minecraft:iron_pickaxe":538,"minecraft:bread":63,"minecraft:stone_axe":92,"minecraft:cobblestone":85,"vanillaplustools:iron_hammer":18,"minecraft:white_banner":1,"minecraft:cooked_porkchop":27,"minecraft:bucket":19,"minecraft:yellow_bed":9,"minecraft:oak_boat":2,"minecraft:experience_bottle":1},"minecraft:dropped":{"minecraft:birch_planks":9,"minecraft:wheat_seeds":11,"minecraft:cooked_beef":9,"minecraft:crafting_table":1,"minecraft:cobblestone":6,"minecraft:feather":3,"minecraft:flint":1,"minecraft:oxeye_daisy":1,"minecraft:dirt":1,"minecraft:dark_oak_fence":1,"iceandfire:copper_nugget":2,"minecraft:wooden_axe":3,"gravestone:obituary":27,"minecraft:sand":11,"minecraft:spruce_sapling":1,"minecraft:smooth_basalt":1,"minecraft:bone":2,"minecraft:stone_axe":1,"minecraft:moss_carpet":1,"minecraft:cobbled_deepslate":3,"minecraft:cocoa_beans":10,"minecraft:wheat":2,"minecraft:birch_sapling":1,"minecraft:rotten_flesh":6,"minecraft:oak_planks":2,"iceandfire:crackled_gravel":1,"minecraft:blast_furnace":1,"minecraft:poppy":1,"minecraft:gunpowder":2,"minecraft:spruce_planks":3,"minecraft:charcoal":14,"minecraft:oak_boat":2,"minecraft:oak_sapling":2,"minecraft:birch_door":2,"minecraft:spider_eye":2,"minecraft:arrow":3,"minecraft:bow":1,"minecraft:wooden_pickaxe":1,"minecraft:stone_pickaxe":1},"minecraft:mined":{"minecraft:dark_oak_planks":1,"minecraft:diamond_ore":2,"minecraft:white_bed":1,"minecraft:tuff":2,"iceandfire:silver_ore":1,"minecraft:deepslate_diamond_ore":25,"minecraft:granite":8,"gravestone:gravestone":13,"minecraft:dark_oak_fence":1,"minecraft:acacia_log":1,"minecraft:grass_block":2,"minecraft:hay_block":21,"minecraft:magma_block":1,"minecraft:furnace":4,"minecraft:iron_ore":128,"minecraft:fire":2,"minecraft:andesite":3,"minecraft:moss_carpet":1,"minecraft:deepslate_lapis_ore":11,"minecraft:deepslate_iron_ore":29,"minecraft:vine":4,"minecraft:rail":1,"minecraft:stone":222,"minecraft:acacia_leaves":1,"minecraft:blackstone":7,"minecraft:smoker":7,"minecraft:dandelion":3,"minecraft:crafting_table":21,"minecraft:torch":1,"minecraft:blast_furnace":5,"iceandfire:ghost_chest":2,"minecraft:chest":3,"minecraft:cobblestone":2,"minecraft:tall_grass":8,"minecraft:lapis_ore":6,"minecraft:deepslate_gold_ore":33,"minecraft:oak_planks":2,"minecraft:sugar_cane":59,"minecraft:wall_torch":1,"minecraft:skeleton_skull":2,"minecraft:birch_planks":3,"minecraft:coarse_dirt":1,"minecraft:wheat":1,"minecraft:birch_door":12,"minecraft:yellow_bed":8,"minecraft:grass":16,"minecraft:oak_log":7,"minecraft:coal_ore":202,"minecraft:dirt":1,"minecraft:smooth_basalt":2,"minecraft:acacia_planks":2,"minecraft:gold_ore":5,"minecraft:oak_leaves":1,"minecraft:deepslate":19},"minecraft:broken":{"minecraft:stone_sword":1,"minecraft:iron_boots":1,"minecraft:iron_chestplate":1,"minecraft:iron_leggings":1,"minecraft:shield":3,"minecraft:stone_axe":1,"minecraft:iron_pickaxe":2,"minecraft:iron_helmet":1},"minecraft:crafted":{"minecraft:oak_door":3,"minecraft:yellow_wool":3,"iceandfire:hippogryph_sword":1,"minecraft:smooth_stone":6,"minecraft:oak_planks":112,"minecraft:furnace":5,"minecraft:blast_furnace":3,"minecraft:stone":9,"minecraft:yellow_bed":1,"minecraft:cooked_mutton":3,"vanillaplustools:iron_hammer":1,"minecraft:iron_boots":2,"minecraft:iron_axe":2,"minecraft:stone_pickaxe":1,"minecraft:spruce_boat":1,"minecraft:birch_door":3,"minecraft:smoker":1,"minecraft:wheat":180,"minecraft:cooked_beef":41,"minecraft:cooked_porkchop":29,"minecraft:crafting_table":6,"minecraft:spruce_planks":176,"minecraft:wooden_pickaxe":2,"minecraft:iron_helmet":2,"minecraft:iron_sword":1,"minecraft:bucket":1,"minecraft:birch_planks":32,"minecraft:stone_axe":2,"minecraft:bread":60,"minecraft:air":0,"minecraft:oak_boat":2,"minecraft:iron_chestplate":2,"minecraft:yellow_dye":3,"minecraft:charcoal":19,"minecraft:shield":5,"minecraft:stick":96,"minecraft:iron_ingot":127,"minecraft:iron_pickaxe":12,"minecraft:wooden_axe":3,"minecraft:stone_sword":1,"minecraft:iron_leggings":2,"minecraft:torch":148}},"DataVersion":3465}