{"stats":{"minecraft:custom":{"minecraft:mob_kills":298,"minecraft:interact_with_crafting_table":47,"minecraft:open_barrel":7,"minecraft:leave_game":8,"minecraft:time_since_death":9515,"minecraft:climb_one_cm":1077,"minecraft:sprint_one_cm":1058868,"minecraft:walk_one_cm":662057,"minecraft:damage_blocked_by_shield":7300,"minecraft:drop":96,"minecraft:play_time":320798,"minecraft:sneak_time":15080,"minecraft:deaths":5,"minecraft:walk_under_water_one_cm":48294,"minecraft:boat_one_cm":40077,"minecraft:jump":9073,"minecraft:interact_with_blast_furnace":36,"minecraft:walk_on_water_one_cm":58449,"minecraft:total_world_time":320798,"minecraft:interact_with_furnace":22,"minecraft:raid_trigger":1,"minecraft:sleep_in_bed":5,"minecraft:time_since_rest":9546,"minecraft:damage_absorbed":40,"minecraft:damage_taken":9792,"minecraft:damage_dealt":47400,"minecraft:player_kills":2,"minecraft:swim_one_cm":98930,"minecraft:fly_one_cm":1968709,"minecraft:open_chest":19,"minecraft:crouch_one_cm":44668,"minecraft:fall_one_cm":314283,"minecraft:interact_with_smoker":96},"minecraft:killed":{"minecraft:vindicator":3,"minecraft:spider":27,"minecraft:slime":1,"minecraft:phantom":5,"minecraft:skeleton":62,"minecraft:chicken":8,"minecraft:drowned":3,"minecraft:pig":31,"minecraft:zombie_villager":1,"minecraft:salmon":2,"minecraft:bat":1,"minecraft:ravager":1,"minecraft:creeper":14,"minecraft:sheep":25,"minecraft:pillager":5,"minecraft:zombie":80,"minecraft:enderman":1,"minecraft:cow":23},"minecraft:crafted":{"minecraft:smooth_stone":3,"minecraft:oak_planks":24,"minecraft:birch_boat":1,"minecraft:cooked_chicken":7,"minecraft:furnace":3,"minecraft:blast_furnace":1,"minecraft:stone":3,"minecraft:cooked_mutton":23,"minecraft:diamond_helmet":1,"minecraft:bow":1,"minecraft:diamond_leggings":1,"minecraft:iron_boots":1,"minecraft:iron_axe":1,"minecraft:stone_pickaxe":2,"minecraft:chest":1,"minecraft:diamond_boots":1,"minecraft:smoker":2,"minecraft:cooked_beef":36,"sophisticatedbackpacks:backpack":1,"minecraft:cooked_porkchop":44,"minecraft:crafting_table":8,"minecraft:spruce_planks":104,"minecraft:iron_helmet":1,"minecraft:wooden_pickaxe":1,"minecraft:iron_sword":1,"minecraft:blue_bed":1,"minecraft:cooked_salmon":1,"minecraft:birch_planks":36,"minecraft:stone_axe":1,"minecraft:air":0,"minecraft:blue_dye":3,"minecraft:oak_boat":1,"minecraft:iron_chestplate":1,"minecraft:shield":5,"minecraft:stick":132,"minecraft:iron_ingot":52,"minecraft:iron_pickaxe":2,"minecraft:wooden_axe":2,"minecraft:stone_sword":2,"minecraft:blue_wool":3,"minecraft:iron_leggings":1,"minecraft:white_bed":1,"minecraft:acacia_planks":288,"minecraft:torch":328,"minecraft:diamond_chestplate":1},"minecraft:picked_up":{"minecraft:wooden_axe":1,"minecraft:iron_chestplate":1,"minecraft:crafting_table":15,"minecraft:chicken":7,"minecraft:clay_ball":4,"minecraft:brown_mushroom":2,"minecraft:stone_slab":1,"minecraft:wooden_pickaxe":1,"gravestone:obituary":2,"minecraft:brick":3,"minecraft:cornflower":4,"minecraft:string":26,"iceandfire:frozen_splinters":1,"minecraft:iron_leggings":1,"minecraft:blue_orchid":1,"minecraft:gold_nugget":12,"minecraft:cobbled_deepslate":74,"minecraft:bucket":1,"minecraft:beef":39,"minecraft:oak_boat":3,"minecraft:azalea":6,"minecraft:light_gray_wool":2,"minecraft:coal_block":1,"minecraft:sugar_cane":76,"minecraft:birch_sapling":1,"minecraft:iron_boots":1,"minecraft:phantom_membrane":2,"minecraft:furnace":2,"minecraft:egg":2,"minecraft:raw_iron":66,"minecraft:stick":11,"iceandfire:dragonbone":5,"minecraft:torch":10,"minecraft:acacia_log":93,"sophisticatedbackpacks:backpack":2,"minecraft:porkchop":57,"minecraft:pointed_dripstone":2,"minecraft:carrot":2,"minecraft:howl_pottery_sherd":2,"iceandfire:silver_ingot":2,"minecraft:arrow":45,"minecraft:rotten_flesh":75,"minecraft:decorated_pot":1,"minecraft:saddle":1,"minecraft:mutton":35,"minecraft:white_wool":19,"minecraft:cobblestone":132,"minecraft:birch_log":9,"minecraft:feather":13,"minecraft:cooked_beef":9,"minecraft:glow_ink_sac":13,"minecraft:salmon":2,"minecraft:andesite":1,"minecraft:leather":22,"minecraft:brown_wool":1,"minecraft:red_mushroom":1,"minecraft:smoker":15,"minecraft:birch_planks":3,"minecraft:tuff":1,"minecraft:oak_log":6,"minecraft:gunpowder":11,"minecraft:lapis_lazuli":59,"minecraft:dirt":30,"minecraft:blue_bed":3,"minecraft:white_banner":2,"minecraft:cooked_mutton":9,"minecraft:bone":55,"minecraft:acacia_planks":8,"minecraft:bow":3,"minecraft:raw_gold":54,"minecraft:iron_ingot":12,"minecraft:moss_block":5,"minecraft:oak_planks":4,"minecraft:acacia_sapling":10,"minecraft:flowering_azalea":2,"minecraft:cooked_porkchop":16,"minecraft:birch_boat":1,"minecraft:dandelion":1,"minecraft:dripstone_block":9,"minecraft:gravel":7,"minecraft:sand":1,"minecraft:stripped_spruce_log":10,"minecraft:spruce_sapling":3,"minecraft:blast_furnace":9,"minecraft:white_bed":1,"minecraft:spruce_log":16,"minecraft:spider_eye":5,"iceandfire:silver_pickaxe":3,"minecraft:diamond":54,"minecraft:iron_helmet":1,"minecraft:emerald":1,"minecraft:oak_sapling":1,"minecraft:black_wool":2,"minecraft:coal":671,"iceandfire:raw_silver":2,"minecraft:ender_pearl":1},"minecraft:used":{"minecraft:azalea":2,"minecraft:stone_sword":168,"minecraft:spruce_planks":8,"minecraft:decorated_pot":1,"minecraft:shield":105,"minecraft:cooked_salmon":1,"minecraft:iron_sword":584,"minecraft:cooked_chicken":7,"minecraft:rotten_flesh":31,"minecraft:torch":338,"minecraft:dirt":22,"minecraft:mutton":1,"minecraft:acacia_sapling":5,"minecraft:wooden_axe":17,"minecraft:iron_axe":37,"minecraft:iron_boots":1,"minecraft:bow":38,"minecraft:furnace":2,"minecraft:egg":2,"minecraft:cooked_beef":39,"minecraft:cobbled_deepslate":24,"minecraft:acacia_planks":217,"minecraft:iron_leggings":1,"minecraft:pointed_dripstone":1,"minecraft:cooked_mutton":29,"minecraft:oak_planks":7,"minecraft:stone_pickaxe":184,"minecraft:wooden_pickaxe":4,"minecraft:birch_boat":2,"minecraft:blue_bed":4,"minecraft:golden_apple":1,"minecraft:white_wool":6,"minecraft:sand":1,"minecraft:crafting_table":20,"minecraft:blast_furnace":8,"minecraft:white_bed":1,"iceandfire:frozen_splinters":1,"minecraft:smoker":17,"iceandfire:silver_pickaxe":97,"minecraft:black_wool":1,"minecraft:cornflower":1,"minecraft:iron_pickaxe":442,"minecraft:brown_wool":1,"minecraft:stone_slab":1,"minecraft:stone_axe":41,"minecraft:cobblestone":87,"minecraft:cooked_porkchop":33,"minecraft:oak_boat":3},"minecraft:broken":{"minecraft:shield":2,"minecraft:stone_axe":1,"minecraft:iron_pickaxe":1},"minecraft:killed_by":{"minecraft:stray":1,"minecraft:skeleton":1},"minecraft:mined":{"minecraft:tuff":6,"iceandfire:silver_ore":2,"minecraft:deepslate_diamond_ore":55,"minecraft:spruce_trapdoor":1,"minecraft:glow_lichen":1,"minecraft:budding_amethyst":2,"gravestone:gravestone":5,"minecraft:allium":1,"minecraft:acacia_log":3,"minecraft:grass_block":4,"minecraft:decorated_pot":2,"iceandfire:frozen_splinters":1,"minecraft:spruce_leaves":6,"minecraft:large_fern":2,"minecraft:tall_seagrass":1,"minecraft:furnace":2,"minecraft:nether_sprouts":2,"minecraft:iron_ore":61,"minecraft:andesite":5,"minecraft:stripped_spruce_log":12,"minecraft:deepslate_lapis_ore":9,"iceandfire:gold_pile":1,"minecraft:pointed_dripstone":4,"minecraft:deepslate_iron_ore":23,"minecraft:azalea_leaves":1,"minecraft:stone":124,"minecraft:blue_orchid":1,"minecraft:smoker":15,"minecraft:dandelion":1,"minecraft:cornflower":4,"minecraft:crafting_table":16,"minecraft:torch":7,"minecraft:blast_furnace":7,"minecraft:calcite":3,"minecraft:tall_grass":2,"minecraft:cobblestone":9,"minecraft:deepslate_gold_ore":54,"minecraft:lapis_ore":1,"minecraft:oak_planks":4,"minecraft:sugar_cane":30,"minecraft:blue_bed":4,"minecraft:wall_torch":2,"minecraft:amethyst_block":5,"minecraft:white_terracotta":1,"minecraft:acacia_sapling":1,"minecraft:birch_log":1,"minecraft:spruce_log":3,"minecraft:ice":1,"minecraft:birch_leaves":2,"minecraft:yellow_bed":1,"minecraft:grass":16,"minecraft:coal_ore":239,"minecraft:oak_log":7,"minecraft:sand":4,"minecraft:dripstone_block":2,"minecraft:smooth_basalt":10,"minecraft:acacia_planks":6,"minecraft:deepslate":77,"minecraft:fern":3},"minecraft:dropped":{"minecraft:iron_ingot":19,"iceandfire:raw_silver":2,"minecraft:moss_block":5,"minecraft:brown_mushroom":2,"minecraft:cooked_beef":6,"minecraft:glow_ink_sac":13,"minecraft:diamond":3,"minecraft:crafting_table":3,"minecraft:cooked_porkchop":19,"minecraft:iron_helmet":2,"minecraft:feather":2,"minecraft:cobblestone":1,"minecraft:red_mushroom":1,"minecraft:wooden_axe":3,"minecraft:iron_leggings":2,"gravestone:obituary":5,"minecraft:flowering_azalea":2,"minecraft:string":13,"minecraft:white_wool":4,"minecraft:bucket":1,"minecraft:acacia_planks":1,"minecraft:spruce_sapling":1,"minecraft:dandelion":1,"minecraft:gravel":7,"minecraft:stone_sword":1,"minecraft:cobbled_deepslate":46,"minecraft:tuff":1,"minecraft:birch_sapling":1,"minecraft:pointed_dripstone":1,"minecraft:rotten_flesh":8,"minecraft:light_gray_wool":1,"minecraft:clay_ball":4,"minecraft:iron_boots":2,"sophisticatedbackpacks:backpack":2,"minecraft:cooked_mutton":3,"minecraft:white_bed":1,"minecraft:carrot":1,"minecraft:blast_furnace":1,"minecraft:gunpowder":5,"minecraft:spruce_planks":1,"minecraft:howl_pottery_sherd":1,"minecraft:iron_chestplate":2,"minecraft:andesite":1,"iceandfire:silver_ingot":2,"minecraft:oak_sapling":1,"minecraft:acacia_sapling":5,"minecraft:azalea":4,"minecraft:spider_eye":1,"minecraft:blue_orchid":1,"minecraft:arrow":8,"minecraft:bow":1,"minecraft:stone_pickaxe":2,"minecraft:wooden_pickaxe":2,"iceandfire:silver_pickaxe":3,"minecraft:brick":3}},"DataVersion":3465}