{"stats":{"minecraft:killed":{"minecraft:cave_spider":5,"minecraft:spider":2,"minecraft:skeleton":8,"minecraft:chicken":18,"minecraft:illusioner":1,"minecraft:wolf":1,"minecraft:pig":19,"minecraft:sheep":11,"minecraft:zombie":16,"minecraft:cow":3},"minecraft:picked_up":{"iceandfire:dragon_skull_lightning":1,"minecraft:crafting_table":15,"minecraft:wheat":2,"minecraft:chicken":21,"minecraft:leather_leggings":1,"minecraft:smithing_table":1,"minecraft:wooden_pickaxe":1,"minecraft:enchanted_book":2,"gravestone:obituary":8,"minecraft:polished_deepslate":2,"minecraft:string":18,"minecraft:white_carpet":3,"minecraft:iron_leggings":1,"minecraft:armor_stand":3,"minecraft:item_frame":13,"minecraft:experience_bottle":2,"minecraft:zombie_head":2,"minecraft:blackstone":1,"minecraft:cobbled_deepslate":152,"minecraft:detector_rail":3,"minecraft:spruce_planks":2,"minecraft:beef":3,"minecraft:jungle_sapling":7,"minecraft:player_head":6,"minecraft:melon_slice":155,"minecraft:chest":8,"minecraft:egg":1,"minecraft:iron_boots":1,"minecraft:furnace":7,"iceandfire:pixie_dust":4,"minecraft:stick":103,"minecraft:raw_iron":40,"minecraft:acacia_fence":2,"minecraft:oak_fence":9,"minecraft:torch":50,"minecraft:acacia_log":459,"minecraft:porkchop":35,"minecraft:golden_chestplate":1,"minecraft:arrow":6,"minecraft:rotten_flesh":17,"minecraft:gold_ingot":3,"minecraft:mutton":14,"minecraft:white_wool":7,"minecraft:cobblestone":27,"minecraft:leather_chestplate":3,"minecraft:air":0,"minecraft:feather":21,"minecraft:jungle_log":95,"minecraft:salmon":1,"minecraft:andesite":2,"minecraft:leather":3,"minecraft:smoker":2,"minecraft:tuff":11,"minecraft:oak_log":219,"minecraft:yellow_bed":1,"minecraft:lapis_lazuli":53,"minecraft:dirt":65,"minecraft:leather_boots":1,"minecraft:cooked_mutton":2,"minecraft:bone":8,"minecraft:acacia_planks":1310,"minecraft:apple":7,"minecraft:wheat_seeds":23,"minecraft:raw_gold":12,"minecraft:iron_ingot":14,"minecraft:bamboo":4,"minecraft:acacia_sapling":96,"minecraft:iron_sword":1,"minecraft:oak_planks":306,"minecraft:book":1,"minecraft:oak_slab":1,"minecraft:dandelion":3,"minecraft:jungle_planks":8,"minecraft:blast_furnace":2,"minecraft:white_bed":2,"minecraft:spruce_log":127,"minecraft:red_terracotta":3,"minecraft:spider_eye":4,"minecraft:mossy_cobblestone":2,"minecraft:diamond":22,"minecraft:granite":18,"minecraft:painting":12,"minecraft:gray_wool":2,"minecraft:acacia_slab":5,"minecraft:emerald":5,"minecraft:terracotta":5,"minecraft:oak_sapling":116,"minecraft:melon_seeds":3,"minecraft:mangrove_propagule":1,"minecraft:coal":49,"iceandfire:raw_silver":4},"minecraft:used":{"minecraft:armor_stand":2,"minecraft:chest":16,"minecraft:spruce_planks":60,"minecraft:shield":13,"minecraft:iron_sword":25,"minecraft:cooked_chicken":17,"minecraft:player_head":2,"minecraft:rotten_flesh":7,"minecraft:torch":176,"minecraft:dirt":26,"minecraft:anvil":1,"minecraft:hopper":4,"minecraft:jungle_planks":15,"minecraft:acacia_sapling":27,"minecraft:golden_shovel":59,"minecraft:wooden_axe":14,"minecraft:iron_axe":109,"minecraft:acacia_slab":138,"minecraft:furnace":3,"minecraft:acacia_planks":1317,"minecraft:cooked_beef":2,"minecraft:cobbled_deepslate":64,"minecraft:golden_axe":7,"minecraft:cooked_mutton":2,"minecraft:water_bucket":47,"minecraft:acacia_trapdoor":57,"minecraft:stone_pickaxe":38,"minecraft:oak_planks":450,"minecraft:wooden_pickaxe":6,"minecraft:diamond_axe":277,"minecraft:golden_apple":2,"minecraft:oak_slab":2,"minecraft:crafting_table":18,"minecraft:blast_furnace":3,"minecraft:white_bed":3,"minecraft:painting":11,"minecraft:smoker":3,"minecraft:apple":3,"minecraft:zombie_head":1,"minecraft:bread":8,"minecraft:mangrove_propagule":1,"minecraft:melon_slice":130,"minecraft:iron_pickaxe":222,"minecraft:stone_axe":110,"minecraft:diamond_sword":417,"minecraft:porkchop":1,"minecraft:cooked_porkchop":27,"minecraft:bucket":49,"minecraft:yellow_bed":1,"minecraft:oak_boat":1,"minecraft:experience_bottle":2},"minecraft:custom":{"minecraft:interact_with_smithing_table":1,"minecraft:interact_with_anvil":3,"minecraft:mob_kills":91,"minecraft:inspect_hopper":9,"minecraft:interact_with_crafting_table":69,"minecraft:damage_dealt_resisted":297,"minecraft:eat_cake_slice":4,"minecraft:leave_game":3,"minecraft:time_since_death":125687,"minecraft:climb_one_cm":8854,"minecraft:sprint_one_cm":746294,"minecraft:walk_one_cm":1024462,"minecraft:damage_blocked_by_shield":1140,"minecraft:drop":130,"minecraft:talked_to_villager":1,"minecraft:play_time":316220,"minecraft:sneak_time":29365,"minecraft:deaths":6,"minecraft:walk_under_water_one_cm":47774,"minecraft:boat_one_cm":150730,"minecraft:jump":3845,"minecraft:interact_with_blast_furnace":35,"minecraft:walk_on_water_one_cm":42010,"minecraft:total_world_time":316220,"minecraft:interact_with_furnace":61,"minecraft:interact_with_cartography_table":1,"minecraft:sleep_in_bed":12,"minecraft:time_since_rest":33779,"minecraft:waystone_activated":3,"minecraft:damage_taken":7393,"minecraft:damage_absorbed":79,"minecraft:damage_dealt":12737,"minecraft:player_kills":1,"minecraft:swim_one_cm":30639,"minecraft:fly_one_cm":695437,"minecraft:open_chest":114,"minecraft:crouch_one_cm":115255,"minecraft:fall_one_cm":135474,"minecraft:interact_with_smoker":33},"minecraft:dropped":{"minecraft:water_bucket":1,"minecraft:iron_ingot":3,"minecraft:porkchop":2,"minecraft:wheat_seeds":20,"minecraft:mossy_cobblestone":2,"minecraft:diamond":9,"minecraft:oak_fence":9,"minecraft:feather":7,"minecraft:cobblestone":2,"minecraft:leather":2,"minecraft:granite":16,"minecraft:acacia_log":9,"minecraft:item_frame":1,"minecraft:stick":4,"minecraft:jungle_slab":126,"minecraft:gray_wool":2,"minecraft:torch":11,"minecraft:mutton":1,"minecraft:wooden_axe":1,"minecraft:iron_leggings":1,"minecraft:jungle_sapling":2,"gravestone:obituary":13,"minecraft:string":15,"minecraft:acacia_planks":128,"minecraft:polished_deepslate":1,"minecraft:dandelion":3,"minecraft:bone":8,"minecraft:stone_axe":1,"minecraft:cobbled_deepslate":3,"minecraft:detector_rail":3,"minecraft:deepslate":2,"minecraft:tuff":11,"minecraft:wheat":2,"minecraft:white_carpet":3,"minecraft:rotten_flesh":10,"minecraft:iron_boots":1,"minecraft:oak_planks":128,"minecraft:salmon":1,"minecraft:leather_chestplate":1,"minecraft:acacia_slab":17,"iceandfire:pixie_dust":4,"minecraft:melon_seeds":1,"minecraft:andesite":2,"minecraft:oak_sapling":85,"minecraft:acacia_sapling":60,"minecraft:spider_eye":2,"minecraft:bamboo":4,"minecraft:arrow":6,"minecraft:wooden_pickaxe":2,"minecraft:acacia_fence":1,"minecraft:egg":1,"minecraft:terracotta":1},"minecraft:mined":{"minecraft:yellow_terracotta":2,"minecraft:tuff":1,"minecraft:spruce_planks":2,"minecraft:white_bed":2,"minecraft:oak_sapling":25,"iceandfire:silver_ore":4,"minecraft:mossy_cobblestone":2,"minecraft:deepslate_diamond_ore":22,"minecraft:jungle_planks":3,"minecraft:spruce_trapdoor":1,"minecraft:granite":2,"minecraft:glow_lichen":2,"gravestone:gravestone":6,"minecraft:grass_block":43,"minecraft:acacia_log":7,"minecraft:acacia_slab":5,"minecraft:acacia_trapdoor":4,"minecraft:furnace":7,"minecraft:iron_ore":14,"minecraft:cobbled_deepslate":2,"minecraft:andesite":1,"minecraft:deepslate_lapis_ore":7,"minecraft:polished_deepslate":2,"minecraft:bookshelf":2,"minecraft:deepslate_iron_ore":28,"minecraft:vine":4,"minecraft:rail":1,"minecraft:bamboo":1,"minecraft:stone":30,"minecraft:player_head":3,"minecraft:spruce_slab":2,"minecraft:smithing_table":1,"minecraft:acacia_leaves":4,"minecraft:glass_pane":2,"minecraft:player_wall_head":1,"minecraft:smoker":2,"minecraft:dandelion":1,"minecraft:oak_fence":4,"minecraft:crafting_table":16,"minecraft:torch":31,"minecraft:blast_furnace":2,"minecraft:melon":33,"minecraft:chest":8,"minecraft:campfire":2,"minecraft:tall_grass":9,"minecraft:deepslate_coal_ore":5,"minecraft:lapis_ore":2,"minecraft:deepslate_gold_ore":13,"minecraft:oak_planks":75,"minecraft:wall_torch":30,"minecraft:deepslate_copper_ore":1,"minecraft:red_terracotta":5,"minecraft:acacia_sapling":17,"minecraft:wheat":3,"minecraft:white_carpet":1,"minecraft:yellow_bed":1,"minecraft:stone_brick_stairs":1,"minecraft:grass":103,"minecraft:oak_log":16,"minecraft:coal_ore":29,"minecraft:acacia_fence":3,"minecraft:zombie_head":3,"minecraft:dirt":12,"minecraft:cobweb":26,"minecraft:acacia_planks":129,"minecraft:terracotta":1,"minecraft:oak_leaves":1,"minecraft:deepslate_emerald_ore":1,"minecraft:deepslate":67,"minecraft:fern":2},"minecraft:broken":{"minecraft:golden_shovel":1,"minecraft:golden_axe":1,"minecraft:iron_axe":1,"minecraft:stone_axe":1,"minecraft:iron_sword":1},"minecraft:crafted":{"minecraft:smooth_stone":6,"minecraft:oak_planks":692,"minecraft:cooked_chicken":20,"minecraft:furnace":1,"minecraft:blast_furnace":1,"minecraft:stone":6,"minecraft:cooked_mutton":10,"minecraft:diamond_helmet":1,"minecraft:iron_boots":1,"minecraft:iron_axe":1,"minecraft:stone_pickaxe":1,"minecraft:chest":9,"minecraft:smoker":1,"minecraft:cooked_beef":2,"minecraft:golden_axe":1,"minecraft:oak_slab":6,"minecraft:deepslate":2,"minecraft:diamond_sword":1,"minecraft:cooked_porkchop":31,"minecraft:diamond_axe":1,"minecraft:crafting_table":5,"minecraft:spruce_planks":508,"minecraft:acacia_slab":150,"minecraft:wooden_pickaxe":1,"minecraft:iron_helmet":1,"minecraft:acacia_trapdoor":70,"minecraft:golden_shovel":2,"minecraft:bucket":3,"minecraft:stone_axe":2,"minecraft:jungle_slab":126,"minecraft:air":0,"minecraft:jungle_planks":136,"minecraft:oak_boat":1,"minecraft:iron_chestplate":1,"minecraft:shield":1,"minecraft:stick":144,"minecraft:iron_ingot":39,"minecraft:iron_pickaxe":1,"minecraft:wooden_axe":1,"minecraft:iron_block":3,"minecraft:iron_leggings":1,"minecraft:gold_ingot":12,"minecraft:anvil":1,"minecraft:white_bed":2,"minecraft:acacia_planks":1164,"minecraft:torch":116,"minecraft:diamond_chestplate":1}},"DataVersion":3465}